"Date","Description","Original Description","Amount","Transaction Type","Category","Account Name","Labels","Notes"
"1/01/2015","Amazon","AMAZON SERVICES-KIND866-321-885M8KZ8WFQXB8 DIGITAL 320150010406290131","8.49","debit","Shopping","Gold Card","",""
"1/01/2015","Rackspace Cloud Cloud","RACKSPACE CLOUD     210-312-4004348691     CLOUD HOSTIN 320150010405093348","65.93","debit","Web Hosting","Gold Card","",""
"12/31/2014","Wegman's","WEGMANS #066 00000005854644600249183304855854644600 320143650381850400","17.78","debit","Groceries","Gold Card","",""
"12/31/2014","Amazon","AMAZON SERVICES-KIND866-321-885HORJDVN2P9Z DIGITAL 320143650380768778","6.38","debit","Shopping","Gold Card","",""
"12/30/2014","Mcaa Parking Rochester","MCAA PARKING - 5400-ROCHESTER00000000000 585-292-4900 320143640367116575","37.50","debit","Parking","Gold Card","",""
"12/30/2014","Amazon","AMAZON MKTPLACE PMTSAMZN.COM/BIBY04U2EL88Q BOOK STORES 320143640362142659","97.17","debit","Shopping","Gold Card","",""
"12/30/2014","Amazon","AMAZON MKTPLACE PMTSAMZN.COM/BIBY0B17V4T7E BOOK STORES 320143640366305273","111.06","debit","Shopping","Gold Card","",""
"12/30/2014","Wegman's","WEGMANS #03 000000005854644600249203420295854644600 320143640365742294","19.75","debit","Groceries","Gold Card","",""
"12/30/2014","Transfer to Gold Card","Withdrawal-ACH-A-AMEX EPAYMENT AMEX EPayment (ACH PMT)","8229.06","debit","Credit Card Payment","Premium Checking","",""
"12/30/2014","Gpo Haslemere Gb","Withdrawal @ GPO 0570 666 020 HASLEMERE GB Trace #436478010072","73.17","debit","Uncategorized","Premium Checking","",""
"12/29/2014","Transfer from Business Reg Check","AUTOPAY PAYMENT - THANK YOU 320143630360741013","8229.06","credit","Credit Card Payment","Gold Card","",""
"12/29/2014","Evernote","EVERNOTE.COM 0990   REDWOOD CIT4491890539  650-257-0885 320143630349289992","5.00","debit","Electronics & Software","Gold Card","",""
"12/26/2014","Time Warner","TIME WARNER CABLE   910-763-46396550031R3C CABLE 320143600315313655","76.46","debit","Television","Gold Card","",""
"12/26/2014","Google","GOOGLE *GOOGLE STORAGOOGLE.COM/A014803W    PYMT SERVICE 320143600313964782","9.99","debit","Advertising","Gold Card","",""
"12/26/2014","Roch Gas Elec","Withdrawal-ACH-A-ROCH GAS & ELEC ROCH GAS & ELEC (RG&E PAYMT)","153.24","debit","Utilities","Premium Checking","",""
"12/25/2014","Wegman's","WEGMANS COLUMBIA #475854644600249033275685854644600 320143590300700681","28.88","debit","Groceries","Gold Card","",""
"12/25/2014","Wegman's","WEGMANS COLUMBIA #475854644600249580997975854644600 320143590300055328","24.11","debit","Groceries","Gold Card","",""
"12/25/2014","Tobacco Etc Columbia - gift for briana","TOBACCO ETC 88290337COLUMBIA11          CIGAR STORE & STAND 320143590301065176","53.53","debit","Gift","Gold Card","",""
"12/25/2014","Giant Food","GIANT FOOD LLC #2301BURTONSVILL508548      GROCERY STORE 320143590309734585","22.49","debit","Groceries","Gold Card","",""
"12/25/2014","Wegman's","WEGMANS COLUMBIA #475854644600249053420005854644600 320143590300419323","208.30","debit","Groceries","Gold Card","",""
"12/23/2014","Cordellos Pizzeria Trace","Withdrawal @ CORDELLOS PIZZERIA WEBSTER NYUS Trace #435621987163","25.50","debit","Restaurants","Premium Checking","",""
"12/23/2014","Salvatores Pizza","SALVATORES PIZZA    WEBSTER85349144357 585-671-9420 320143570276002379","26.89","debit","Restaurants","Gold Card","",""
"12/23/2014","Github Github San","GITHUB GITHUB       SAN FRANCIS822V3Y2     4152910224 320143570259423069","7.00","debit","Web Hosting","Gold Card","",""
"12/22/2014","Betterment Webbetterment","Withdrawal-ACH-A-BETTERMENT WEBBETTERMENT (TRANSFER)","1000.00","debit","IRA Contribution","Premium Checking","",""
"12/22/2014","Salvatores Pizza","SALVATORES PIZZA    WEBSTER85349144355 585-671-9420 320143560252834316","24.73","debit","Restaurants","Gold Card","",""
"12/22/2014","Audible.com","AUDIBLE             888-283-505V6A1QE3C5VL DIRECT MKTG MISC 320143560240181494","229.50","credit","Books","Gold Card","",""
"12/22/2014","Salvatores Pizza","SALVATORES PIZZA    WEBSTER85349144355 585-671-9420 320143560253257177","9.67","debit","Restaurants","Gold Card","",""
"12/22/2014","Audible.com","AUDIBLE             888-283-505V6AUCBTKPVI AUDIO BOOKS 320143560240494005","229.50","debit","Books","Gold Card","",""
"12/21/2014","Wegman's","WEGMANS #03 000000005854644600249103160595854644600 320143550225527204","83.45","debit","Groceries","Gold Card","",""
"12/21/2014","Audible.com","AUDIBLE             888-283-505R71SYQZBXEA AUDIO BOOKS 320143550221866816","229.50","debit","Books","Gold Card","",""
"12/20/2014","Amazon","AMAZON MKTPLACE PMTSAMZN.COM/BIMESYETTQZ49 BOOK STORES 320143540214656888","11.97","debit","Shopping","Gold Card","",""
"12/19/2014","Waterwatch Trace","Withdrawal @ WATERWATCH ROCHESTER NYUS Trace #435220130004","202.50","debit","Bills & Utilities","Premium Checking","",""
"12/19/2014","Amazon","AMAZON MKTPLACE PMTSAMZN.COM/BIMES01EV7C0K BOOK STORES 320143530184257351","170.39","debit","Shopping","Gold Card","",""
"12/19/2014","Sprint PCS","SPRINT WIRELESS     800-639-61100751790825 WIRELESSSVCS 320143530192671162","239.95","debit","Mobile Phone","Gold Card","",""
"12/19/2014","Salvatores Pizza","SALVATORES PIZZA    WEBSTER85349144353 585-671-9420 320143530201370499","24.73","debit","Restaurants","Gold Card","",""
"12/19/2014","Amazon","AMAZON MKTPLACE PMTSAMZN.COM/BIMESJB578V3S BOOK STORES 320143530194339871","20.37","debit","Shopping","Gold Card","",""
"12/18/2014","Amazon","AMAZON DIGITAL SVCS 866-216-107FFTWL0X31KJ DIGITAL 320143520179172538","9.99","debit","Shopping","Gold Card","",""
"12/17/2014","Wegman's","WEGMANS #03 000000005854644600249193333615854644600 320143510149556502","51.84","debit","Groceries","Gold Card","",""
"12/17/2014","Skrill Settl Verification","Deposit-ACH-A-21246 Skrill Inc. (SETTL) Verification","0.37","credit","Income","Premium Checking","",""
"12/16/2014","Freelancer Com Sydney","Freelancer.com      Sydney NSW569292:3873 569292:3873817 320143500129723977","102.60","debit","Freelance/Portfolio","Gold Card","",""
"12/16/2014","Freelancer Com Sydney","Freelancer.com      Sydney NSW569292:3873 569292:3873817 320143500129723961","0.67","debit","Freelance/Portfolio","Gold Card","",""
"12/16/2014","Wegman's","WEGMANS #03 000000005854644600249093367725854644600 320143500131027471","54.01","debit","Groceries","Gold Card","",""
"12/16/2014","Skr Usa Skrill","Withdrawal @ SKR*USA Skrill.com 800-238-9984 NYUS Trace #435027600126","329.28","debit","Uncategorized","Premium Checking","",""
"12/15/2014","Salvatores Pizza","SALVATORES PIZZA    WEBSTER85349144348 585-671-9420 320143490122410639","33.32","debit","Restaurants","Gold Card","",""
"12/15/2014","Salvatores Pizza","SALVATORES PIZZA    WEBSTER85349144349 585-671-9420 320143490124587849","31.43","debit","Restaurants","Gold Card","",""
"12/15/2014","Salvatores Pizza","SALVATORES PIZZA    WEBSTER85349144348 585-671-9420 320143490122845771","38.72","debit","Restaurants","Gold Card","",""
"12/13/2014","Gpo Haslemere Gb","Withdrawal @ GPO 0570 666 020 HASLEMERE GB Trace #434774010096","73.17","debit","Uncategorized","Premium Checking","",""
"12/12/2014","Salvatores Pizza","SALVATORES PIZZA    WEBSTER85349144346 585-671-9420 320143460072960177","24.73","debit","Restaurants","Gold Card","",""
"12/12/2014","Freelancer Com Sydney","Freelancer.com      Sydney NSW569292:3873 569292:3873817 320143460061537834","3.37","debit","Freelance/Portfolio","Gold Card","",""
"12/10/2014","Deposit Personal Union","Deposit @ Personal Credit Union Trace #3100133360 Transfer &quot;DTS&quot; 500.00 from account *****4611 share 3","500.00","credit","Transfer","Business Reg Shares","",""
"12/08/2014","Check 1143","Withdrawal (Item #1143)","6279.24","debit","Check","Premium Checking","",""
"12/08/2014","Inclema Meat Market","Withdrawal @ INCLEMA'S MEAT MARKET, ROCHESTER NYUS Trace #434122980019","39.59","debit","Groceries","Premium Checking","",""
"12/06/2014","Atmlk Us Trace 683 South Avenue","Withdrawal @ ATMLK627653 683 SOUTH AVENUE US ROCHESTER NYUS Trace #614769","162.25","debit","Uncategorized","Premium Checking","",""
"12/04/2014","Webster Medical Group","Withdrawal @ WEBSTER MEDICAL GROUP 585-8722475 NYUS Trace #433725670360","209.26","debit","Health & Fitness","Premium Checking","",""
"12/04/2014","Gpo Haslemere Gb","Withdrawal @ GPO 0570 666 020 HASLEMERE GB Trace #433877040094","73.17","debit","Uncategorized","Premium Checking","",""
"12/03/2014","M Preserve M","Withdrawal-ACH-A-M - PRESERVE M - PRESERVE (CASH TRANS)","1320.00","debit","Mortgage & Rent","Premium Checking","",""
"12/02/2014","Golden Rule Ins","Withdrawal-ACH-A-GOLDEN RULE INS UNITEDHEALTHONE (INS. PREM.)","59.48","debit","Financial","Premium Checking","",""
"12/01/2014","American Express","Withdrawal-ACH-A-AMEX EPAYMENT AMEX EPayment (ACH PMT)","2495.63","debit","Credit Card Payment","Premium Checking","",""
"11/27/2014","Giant Food","GIANT FOOD LLC #2301BURTONSVILL507966      GROCERY STORE 320143310814399670","185.74","debit","Groceries","Gold Card","",""
"11/26/2014","Check 1141","Withdrawal (Item #1141)","1247.87","debit","Check","Premium Checking","",""
"11/26/2014","Time Warner","TIME WARNER CABLE   910-763-46338580098D2H CABLE 320143300791997475","76.46","debit","Television","Gold Card","",""
"11/26/2014","Google","GOOGLE *GOOGLE STORAGOOGLE.COM/A011V3MK    PYMT SERVICE 320143300787289561","9.99","debit","Advertising","Gold Card","",""
"11/26/2014","Music","PAYPAL *MUSIC1406   402935773359157330    402-935-7733 320143300783521765","1361.00","credit","Credit Card Payment","Gold Card","",""
"11/25/2014","Music","PAYPAL *MUSIC1406   402935773357793508    402-935-7733 320143290781607705","78.00","credit","Credit Card Payment","Gold Card","",""
"11/25/2014","Giant Food","GIANT FOOD LLC #2301BURTONSVILL546540      GROCERY STORE 320143290770866588","91.62","debit","Groceries","Gold Card","",""
"11/25/2014","Kohl's","KOHL'S #0772 0000007866887888400264366   4366             145809 320143290774619064","41.59","credit","Clothing","Gold Card","",""
"11/25/2014","Amazon","AMAZON.COM          AMZN.COM/BIRTZQHM4HB2A MERCHANDISE 320143290774422370","40.72","debit","Shopping","Gold Card","",""
"11/24/2014","Salvatores Pizza","SALVATORES PIZZA    WEBSTER85349144327 585-671-9420 320143280762802438","30.13","debit","Restaurants","Gold Card","",""
"11/23/2014","Music Trace","Withdrawal @ THE MUSIC STORE INC WEBSTER NYUS Trace #432620283268","5.17","debit","Music","Premium Checking","",""
"11/23/2014","Github Github San","GITHUB GITHUB       SAN FRANCISM9GJYDM     4152910224 320143270737441134","7.00","debit","Web Hosting","Gold Card","",""
"11/22/2014","Bayview Cleaners Launwebster","Withdrawal @ BAYVIEW CLEANERS & LAUNWEBSTER NYUS Trace #432522002153","39.15","debit","Laundry","Premium Checking","",""
"11/22/2014","Www Hover Com","WWW HOVER COM       416538549850364247    COMPUTER NETWORK/INFO 320143260719557296","14.67","debit","Uncategorized","Gold Card","",""
"11/22/2014","Wegman's","WEGMANS #03 000000005854644600249183084875854644600 320143260723718872","55.07","debit","Groceries","Gold Card","",""
"11/22/2014","RadioShack","RADIOSHACK COR143495WEBSTER044906145   000-0000000 320143260728714147","6.47","debit","Electronics & Software","Gold Card","",""
"11/21/2014","Salvatores Pizza","SALVATORES PIZZA    WEBSTER85349144325 585-671-9420 320143250717611552","35.48","debit","Restaurants","Gold Card","",""
"11/21/2014","Amazon","AMAZON.COM          AMZN.COM/BIHBR4W2F5PGI MERCHANDISE 320143250715586935","1501.72","debit","Shopping","Gold Card","",""
"11/21/2014","Audible.com","AUDIBLE US          888-283-505PQ4V0CLAPWF AUDIO BOOKS 320143250713424355","28.68","debit","Books","Gold Card","",""
"11/20/2014","Sallie Mae","Withdrawal (Item #1142)-ACH-A-ED SALLIE MAE PR ARCED SALLIE MAE PR ACH TRANSACTION (PAYMENT)","342.39","debit","Student Loan","Premium Checking","",""
"11/20/2014","Betterment Webbetterment","Withdrawal-ACH-A-BETTERMENT WEBBETTERMENT (TRANSFER)","1000.00","debit","IRA Contribution","Premium Checking","",""
"11/20/2014","Pureformulas Com Supplements","PUREFORMULAS.COM    800-383-60063764263    SUPPLEMENTS 320143240694413323","52.00","debit","Uncategorized","Gold Card","",""
"11/20/2014","Amazon","AMAZON MKTPLACE PMTSAMZN.COM/BIFVY5SIHLH6N BOOK STORES 320143240686482280","264.62","debit","Shopping","Gold Card","",""
"11/20/2014","Ishankaru - site for ppl","PAYPAL *ISHANKARU   402935773343654984    402-935-7733 320143240695747691","133.00","debit","Freelance/Portfolio","Gold Card","",""
"11/20/2014","Music","PAYPAL *MUSIC1406   402935773342791354    402-935-7733 320143240695674677","1439.00","debit","Music","Gold Card","",""
"11/20/2014","Elance Escrow Corpormountain","ELANCE ESCROW CORPORMOUNTAIN VI18398831    6503167500 320143240687137958","192.50","credit","Credit Card Payment","Gold Card","",""
"11/20/2014","Amazon","AMAZON MKTPLACE PMTSAMZN.COM/BIJZ7XB83KNI4 BOOK STORES 320143240686201502","116.76","debit","Shopping","Gold Card","",""
"11/20/2014","Amazon","AMAZON MKTPLACE PMTSAMZN.COM/BIFVYJZBI9ZQB BOOK STORES 320143240698944773","16.99","debit","Shopping","Gold Card","",""
"11/20/2014","Amazon","AMAZON MKTPLACE PMTSAMZN.COM/BIJZ7Y13X24N7 BOOK STORES 320143240692572521","3.92","debit","Shopping","Gold Card","",""
"11/19/2014","Freelancer Com Sydney","Freelancer.com      Sydney NSW569292:3873 569292:3873817 320143230676940992","25.88","debit","Freelance/Portfolio","Gold Card","",""
"11/19/2014","Amazon","AMAZON MKTPLACE PMTSAMZN.COM/BIYPORNRBRSJK BOOK STORES 320143230670614100","96.02","debit","Shopping","Gold Card","",""
"11/19/2014","Amazon","AMAZON MKTPLACE PMTSAMZN.COM/BIFVYJZBUN5YJ BOOK STORES 320143230670495462","156.28","debit","Shopping","Gold Card","",""
"11/18/2014","Amazon","AMAZON DIGITAL SVCS 866-216-107SQQYBIJLLL4 DIGITAL 320143220663583942","9.99","debit","Shopping","Gold Card","",""
"11/18/2014","Sprint PCS","SPRINT WIRELESS     800-639-61100741080525 WIRELESSSVCS 320143220664509600","239.95","debit","Mobile Phone","Gold Card","",""
"11/17/2014","Roch Gas Elec","Withdrawal-ACH-A-ROCH GAS & ELEC ROCH GAS & ELEC (RG&E PAYMT)","120.24","debit","Utilities","Premium Checking","",""
"11/17/2014","Freelancer Com Sydney","Freelancer.com      Sydney NSWBUSINESS SERVICE 320143210645278963","7.11","debit","Freelance/Portfolio","Gold Card","",""
"11/16/2014","Audible.com","AUDIBLE US          888-283-505GSM74NB5B9G AUDIO BOOKS 320143200626227762","28.68","debit","Books","Gold Card","",""
"11/14/2014","Internal Revenue Service","Withdrawal-ACH-A-IRS IRS (USATAXPYMT)","12999.24","debit","Federal Tax","Premium Checking","",""
"11/14/2014","Salvatores Pizza","SALVATORES PIZZA    WEBSTER85349144318 585-671-9420 320143180606937232","31.16","debit","Restaurants","Gold Card","",""
"11/13/2014","Wegman's","WEGMANS #066 00000005854644600249113374145854644600 320143170580348481","71.47","debit","Groceries","Gold Card","",""
"11/12/2014","Hegedorn Super Marwebster","HEGEDORN'S SUPER MARWEBSTER000081607   5856714450 320143160570279371","6.71","debit","Uncategorized","Gold Card","",""
"11/12/2014","Amazon","AMAZON MKTPLACE PMTSAMZN.COM/BIHDAB8O9A6VX BOOK STORES 320143160567742516","68.00","debit","Shopping","Gold Card","",""
"11/12/2014","Amazon","AMAZON MKTPLACE PMTSAMZN.COM/BIHDA153D9QVT BOOK STORES 320143160572046904","88.35","debit","Shopping","Gold Card","",""
"11/12/2014","Amazon","AMAZON MKTPLACE PMTSAMZN.COM/BIHDA6HA3L5FI BOOK STORES 320143160573018659","8.49","debit","Shopping","Gold Card","",""
"11/11/2014","Freelancer Com Sydney","Freelancer.com      Sydney NSW569292:3873 569292:3873817 320143150552523310","307.20","debit","Freelance/Portfolio","Gold Card","",""
"11/10/2014","Inclema Meat Market","Withdrawal @ INCLEMA'S MEAT MARKET, ROCHESTER NYUS Trace #431322980019","24.39","debit","Groceries","Premium Checking","",""
"11/10/2014","Freelancer Com Sydney","Freelancer.com      Sydney NSW569292:3873 569292:3873817 320143140532814017","3.37","debit","Freelance/Portfolio","Gold Card","",""
"11/10/2014","Salvatores Pizza","SALVATORES PIZZA    WEBSTER85349144313 585-671-9420 320143140539505545","31.16","debit","Restaurants","Gold Card","",""
"11/10/2014","Prem Car Rental","PREM CAR RENTAL PROTECTION 800-CRA397100830 10/11/2014 ROCHESTER 320143140540910663","24.95","debit","Auto Insurance","Gold Card","",""
"11/10/2014","Amazon","AMAZON SERVICES-KIND866-321-885UMF88QLQYML DIGITAL 320143140536931728","10.49","debit","Shopping","Gold Card","",""
"11/09/2014","Fs Fsprg Com","FS *FSPRG.COM       877-327-891K-JSXJTLSLU 877-327-8914 320143130525124084","29.99","debit","Uncategorized","Gold Card","",""
"11/09/2014","Budget Rent","BUDGET RENT A CAR   ROCHESTERR/A# 397100830   800-621-2844 320143130525024478","970.60","debit","Rental Car & Taxi","Gold Card","",""
"11/09/2014","Exxon","EXXONMOBIL          WEBSTERT0F3439     585-347-4837 320143130523413554","7.75","debit","Gas & Fuel","Gold Card","",""
"11/09/2014","In Fancy Hands","IN *FANCY HANDS, INCNEW YORK313IAIE5B9H 3478369566 320143130514717221","45.00","debit","Uncategorized","Gold Card","",""
"11/08/2014","Wegman's","WEGMANS #03 000000005854644600249163372935854644600 320143120503169615","20.58","debit","Groceries","Gold Card","",""
"11/07/2014","Wegman's","WEGMANS #03 000000005854644600249173486905854644600 320143110487093128","31.45","debit","Groceries","Gold Card","",""
"11/07/2014","Salvatores Pizza","SALVATORES PIZZA    WEBSTER85349144311 585-671-9420 320143110482762287","31.16","debit","Restaurants","Gold Card","",""
"11/06/2014","Deposit","Deposit","20995.00","credit","Income","Premium Checking","",""
"11/05/2014","Golden Rule Ins","Withdrawal-ACH-A-GOLDEN RULE INS UNITEDHEALTHONE (INS. PREM.)","59.48","debit","Financial","Premium Checking","",""
"11/05/2014","Freelancer Com Sydney","Freelancer.com      Sydney NSW569292:3873 569292:3873817 320143090458181064","3.37","debit","Freelance/Portfolio","Gold Card","",""
"11/05/2014","Freelancer Com Sydney","Freelancer.com      Sydney NSW569292:3873 569292:3873817 320143090458291865","3.37","debit","Freelance/Portfolio","Gold Card","",""
"11/05/2014","Amazon","AMAZON SERVICES-KIND866-321-885LO447PH2S2P DIGITAL 320143090455313876","5.99","debit","Shopping","Gold Card","",""
"11/05/2014","Audible.com","AUDIBLE US          888-283-505THPTGZITK70 AUDIO BOOKS 320143090453397657","2.76","debit","Books","Gold Card","",""
"11/05/2014","Freelancer Com Sydney","Freelancer.com      Sydney NSW569292:3873 569292:3873817 320143090458070723","10.53","debit","Freelance/Portfolio","Gold Card","",""
"11/05/2014","Village Vape Or","VILLAGE VAPE OR SMOK585-545-477385247714309585-545-4773 320143090465808720","45.34","debit","Uncategorized","Gold Card","",""
"11/05/2014","Freelancer Com Sydney","Freelancer.com      Sydney NSW569292:3873 569292:3873817 320143090458561894","25.88","debit","Freelance/Portfolio","Gold Card","",""
"11/04/2014","Www Hover Com","WWW HOVER COM       416538549808936266    COMPUTER NETWORK/INFO 320143080449756388","14.67","debit","Uncategorized","Gold Card","",""
"11/04/2014","Wegman's","WEGMANS #066 00000005854644600249203403345854644600 320143080439164593","28.00","debit","Groceries","Gold Card","",""
"11/04/2014","Southwest Airlines","SW AIR              DALLAS7900135821  (214) 792 - 4223 320143080436572986","12.50","debit","Air Travel","Gold Card","",""
"11/04/2014","Sunoco","SUNOCO 0364164403   WEBSTER30822400049 AUTO FUEL DISPENSER 320143080449665040","46.45","debit","Gas & Fuel","Gold Card","",""
"11/04/2014","Southwest Airlines","SW AIR              DALLAS7900135821  (214) 792 - 4223 320143080436816853","349.20","debit","Air Travel","Gold Card","",""
"11/03/2014","M Preserve M","Withdrawal-ACH-A-M - PRESERVE M - PRESERVE (CASH TRANS)","1070.00","debit","Mortgage & Rent","Premium Checking","",""
"11/03/2014","Salvatores Pizza","SALVATORES PIZZA    WEBSTER85349144306 585-671-9420 320143070427962557","31.16","debit","Restaurants","Gold Card","",""
"11/01/2014","PayPal","PAYPAL *MEGALIMITED 40293577333267974929  HTTP://WWW.PAYPAL.COM 320143050393920357","37.87","debit","Shopping","Gold Card","",""
"11/01/2014","Rackspace Cloud Cloud","RACKSPACE CLOUD     210-312-4003934280     CLOUD HOSTIN 320143050397399159","68.10","debit","Web Hosting","Gold Card","",""
"11/01/2014","Megalimited Fr","FOREIGN TRANSACTION FEEPAYPAL *MEGALIMITED 4029357733          FR 820143050393920357","1.02","debit","Uncategorized","Gold Card","",""
"10/31/2014","Salvatores Pizza","SALVATORES PIZZA    WEBSTER85349144304 585-671-9420 320143040388359674","33.32","debit","Restaurants","Gold Card","",""
"10/31/2014","Wegman's","WEGMANS #03 000000005854644600249150698275854644600 320143040376964647","108.10","debit","Groceries","Gold Card","",""
"10/30/2014","Transfer to Gold Card","Withdrawal-ACH-A-AMEX EPAYMENT AMEX EPayment (ACH PMT)","2438.36","debit","Credit Card Payment","Premium Checking","",""
"10/30/2014","Freelancer Com Sydney","Freelancer.com      Sydney NSW569292:3873 569292:3873817 320143030363762137","10.52","debit","Freelance/Portfolio","Gold Card","",""
"10/30/2014","Amazon","AMAZON MKTPLACE PMTSAMZN.COM/BIRNQGFGG09FX BOOK STORES 320143030359408047","98.08","debit","Shopping","Gold Card","",""
"10/29/2014","Inclema Meat Market","Withdrawal @ INCLEMA'S MEAT MARKET, ROCHESTER NYUS Trace #430121980019","12.42","debit","Groceries","Premium Checking","",""
"10/29/2014","Transfer from Business Reg Check","AUTOPAY PAYMENT - THANK YOU 320143020357523396","2438.36","credit","Credit Card Payment","Gold Card","",""
"10/29/2014","Evernote","EVERNOTE.COM 0990   REDWOOD CIT3581441459  650-257-0885 320143020344399694","5.00","debit","Electronics & Software","Gold Card","",""
"10/29/2014","Www Hover Com","WWW HOVER COM       416538549897136821    COMPUTER NETWORK/INFO 320143020356664972","51.68","debit","Uncategorized","Gold Card","",""
"10/28/2014","Deposit","Deposit","17100.00","credit","Income","Premium Checking","",""
"10/27/2014","Check 1140","Withdrawal (Item #1140)","750.00","debit","Check","Premium Checking","",""
"10/27/2014","Salvatores Pizza","SALVATORES PIZZA    WEBSTER85349144299 585-671-9420 320143000325162664","27.00","debit","Restaurants","Gold Card","",""
"10/26/2014","Wegman's","WEGMANS #03 000000005854644600249193084875854644600 320142990297166063","96.98","debit","Groceries","Gold Card","",""
"10/26/2014","Google","GOOGLE *GOOGLE STORAGOOGLE.COM/A00ZN6VK    PYMT SERVICE 320142990295181201","9.99","debit","Advertising","Gold Card","",""
"10/26/2014","Time Warner","TIME WARNER CABLE   910-763-46385284292I1O CABLE 320142990296723819","76.46","debit","Television","Gold Card","",""
"10/26/2014","Wegman's","WEGMANS #03 000000005854644600249171273985854644600 320142990297544611","6.98","debit","Groceries","Gold Card","",""
"10/24/2014","Wegman's","WEGMANS #066 00000005854644600249710997605854644600 320142970270775285","149.62","debit","Groceries","Gold Card","",""
"10/23/2014","Deposit Ach Admob","Deposit-ACH-18679 ADMOB INC (OCT 2014) ADMOB PUBLISHER PAYOUT AUG 2014","21.24","credit","Income","Premium Checking","",""
"10/23/2014","Internal Revenue Service","Deposit-ACH-17998 IRS TREAS 310 (TAX REF)","8805.00","credit","Federal Tax","Premium Checking","",""
"10/23/2014","Github Github San","GITHUB GITHUB       SAN FRANCIS3GF9KMW     4152910224 320142960253922282","7.00","debit","Web Hosting","Gold Card","",""
"10/22/2014","Sallie Mae","Withdrawal (Item #1139)-ACH-A-ED SALLIE MAE PR ARCED SALLIE MAE PR ACH TRANSACTION (PAYMENT)","342.39","debit","Student Loan","Premium Checking","",""
"10/21/2014","Comp Maryland","Withdrawal-ACH-A-5089 COMP OF MARYLAND (DIR DB RAD)","3174.00","debit","Uncategorized","Premium Checking","",""
"10/21/2014","Betterment Webbetterment","Withdrawal-ACH-A-BETTERMENT WEBBETTERMENT (TRANSFER)","1000.00","debit","IRA Contribution","Premium Checking","",""
"10/20/2014","Bayview Cleaners Launwebster","Withdrawal @ BAYVIEW CLEANERS & LAUNWEBSTER NYUS Trace #429227002088","13.75","debit","Laundry","Premium Checking","",""
"10/20/2014","Roch Gas Elec","Withdrawal-ACH-A-ROCH GAS & ELEC ROCH GAS & ELEC (RG&E PAYMT)","129.95","debit","Utilities","Premium Checking","",""
"10/20/2014","Salvatores Pizza","SALVATORES PIZZA    WEBSTER85349144293 585-671-9420 320142930205087316","25.33","debit","Restaurants","Gold Card","",""
"10/20/2014","Wegman's","WEGMANS #066 00000005854644600249183471635854644600 320142930208659867","37.18","debit","Groceries","Gold Card","",""
"10/19/2014","Sprint PCS","SPRINT WIRELESS     800-639-61100731127007 WIRELESSSVCS 320142920197614452","403.55","debit","Mobile Phone","Gold Card","",""
"10/19/2014","Wegman's","WEGMANS #03 000000005854644600249193478725854644600 320142920194347923","29.71","debit","Groceries","Gold Card","",""
"10/18/2014","Wegman's","WEGMANS #066 00000005854644600249173471635854644600 320142910180363656","82.11","debit","Groceries","Gold Card","",""
"10/18/2014","Amazon","AMAZON DIGITAL SVCS 866-216-107GLZ0HRQ4J6R DIGITAL 320142910188444579","9.99","debit","Shopping","Gold Card","",""
"10/18/2014","Chipotle","CHIPOTLE 1526 0094  ROCHESTER0000010032  585-348-2353 320142910183161439","11.77","debit","Fast Food","Gold Card","",""
"10/18/2014","Chipotle","CHIPOTLE 1526 0094  ROCHESTER0000010067  585-348-2353 320142910182841701","11.77","debit","Fast Food","Gold Card","",""
"10/18/2014","Wegman's","WEGMANS #03 000000005854644600249190335245854644600 320142910179561052","15.40","debit","Groceries","Gold Card","",""
"10/17/2014","Wegman's","WEGMANS #03 000000005854644600249203405805854644600 320142900163691319","42.74","debit","Groceries","Gold Card","",""
"10/16/2014","Amazon","AMAZON.COM          AMZN.COM/BIE10YSH99HVY MERCHANDISE 320142890152960664","7.85","debit","Shopping","Gold Card","",""
"10/16/2014","Wegman's","WEGMANS #066 00000005854644600249093417735854644600 320142890147772367","79.97","debit","Groceries","Gold Card","",""
"10/15/2014","Amazon","AMAZON.COM          AMZN.COM/BIE10UR78HF62 MERCHANDISE 320142880140952181","237.59","debit","Shopping","Gold Card","",""
"10/15/2014","Amazon","AMAZON MKTPLACE PMTSAMZN.COM/BIE10NXIQWIAA BOOK STORES 320142880139243246","50.10","debit","Shopping","Gold Card","",""
"10/14/2014","Bouchard Family Farms","Withdrawal @ BOUCHARD FAMILY FARMS 207-834-3237 MEUS Trace #428629700229","136.00","debit","Groceries","Premium Checking","",""
"10/14/2014","Fs Fsprg Com","FS *FSPRG.COM       877-327-891RXBTK8SXR5O 877-327-8914 320142870120685194","17.32","credit","Credit Card Payment","Gold Card","",""
"10/14/2014","Fs Fsprg Com","FS *FSPRG.COM       877-327-891J-ANHBNCRGQ 877-327-8914 320142870122189781","25.99","debit","Uncategorized","Gold Card","",""
"10/14/2014","Renewal Membership Fee","RENEWAL MEMBERSHIP FEE 320142873127652248","125.00","debit","Fees & Charges","Gold Card","",""
"10/14/2014","Wegman's","WEGMANS #03 000000005854644600249143372935854644600 320142870116474544","39.11","debit","Groceries","Gold Card","",""
"10/12/2014","Bayview Cleaners Launwebster","Withdrawal @ BAYVIEW CLEANERS & LAUNWEBSTER NYUS Trace #428421001217","33.00","debit","Laundry","Premium Checking","",""
"10/12/2014","Exxon","EXXONMOBIL          WEBSTERT0F8017     585-347-4837 320142850094283461","15.98","debit","Gas & Fuel","Gold Card","",""
"10/12/2014","Budget Rent","BUDGET RENT A CAR   ROCHESTERR/A# 930016765   800-621-2844 320142850094095584","31.30","debit","Rental Car & Taxi","Gold Card","",""
"10/10/2014","Coinbasebtc Com Webcoinbase","Withdrawal-ACH-A-COINBASEBTC.COM WEBCOINBASE.COM/BTC (8003435845)","5667.77","debit","Uncategorized","Premium Checking","",""
"10/10/2014","Amazon","AMAZON MKTPLACE PMTSAMZN.COM/BIQCSU29AE4MR DIRECT MKTG MISC 320142830060354839","388.79","credit","Shopping","Gold Card","",""
"10/10/2014","Amazon","AMAZON MKTPLACE PMTSAMZN.COM/BIMDW1PGP7NVN BOOK STORES 320142830055365142","80.90","debit","Shopping","Gold Card","",""
"10/10/2014","Fs Fsprg Com","FS *FSPRG.COM       877-327-891RXBTK8SXR5O 877-327-8914 320142830062354355","19.99","debit","Uncategorized","Gold Card","",""
"10/10/2014","Amazon","AMAZON.COM          AMZN.COM/BIGQV1ETQPS7M MERCHANDISE 320142830060906364","13.99","debit","Shopping","Gold Card","",""
"10/09/2014","Coinbasebtc Com Webcoinbase","Withdrawal-ACH-A-COINBASEBTC.COM WEBCOINBASE.COM/BTC (8003435845)","3486.06","debit","Uncategorized","Premium Checking","",""
"10/09/2014","In Fancy Hands","IN *FANCY HANDS, INCNEW YORK282IA03B8ZG 3478369566 320142820037765935","45.00","debit","Uncategorized","Gold Card","",""
"10/08/2014","Gpo Haslemere Gb","Withdrawal @ GPO 0570 666 020 HASLEMERE GB Trace #428172030086","54.38","debit","Uncategorized","Premium Checking","",""
"10/08/2014","Amazon","AMAZON MKTPLACE PMTSAMZN.COM/BIQCSNNH63D15 DIRECT MKTG MISC 320142810028623718","32.99","credit","Shopping","Gold Card","",""
"10/08/2014","Amazon","AMAZON MKTPLACE PMTSAMZN.COM/BIWL7D1BZ491O BOOK STORES 320142810031302768","209.71","debit","Shopping","Gold Card","",""
"10/08/2014","Amazon","AMAZON.COM          AMZN.COM/BIWL7SGSLCZ7F MERCHANDISE 320142810021834969","67.75","debit","Shopping","Gold Card","",""
"10/07/2014","Pureformulas Com Supplements","PUREFORMULAS.COM    800-383-60032479233    SUPPLEMENTS 320142800016334458","29.99","debit","Uncategorized","Gold Card","",""
"10/06/2014","World Gym","Withdrawal @ WORLD GYM WEBSTER WEBSTER NYUS Trace #427829630153","99.00","debit","Gym","Premium Checking","",""
"10/06/2014","Target","TARGET T2038 2038   WEBSTER00804161    DISCOUNT STORE 320142790004690185","15.63","debit","Shopping","Gold Card","",""
"10/06/2014","Wegman's","WEGMANS #03 000000005854644600249193389095854644600 320142790994293658","30.10","debit","Groceries","Gold Card","",""
"10/05/2014","Sunoco","SUNOCO 0364164403   WEBSTER27819819021 AUTO FUEL DISPENSER 320142780990287867","51.56","debit","Gas & Fuel","Gold Card","",""
"10/05/2014","Wegman's","WEGMANS #066 00000005854644600249113401985854644600 320142780981866657","31.79","debit","Groceries","Gold Card","",""
"10/03/2014","M Preserve M","Withdrawal-ACH-A-M - PRESERVE M - PRESERVE (CASH TRANS)","1320.00","debit","Mortgage & Rent","Premium Checking","",""
"10/03/2014","Bayview Cleaners Launwebster","Withdrawal @ BAYVIEW CLEANERS & LAUNWEBSTER NYUS Trace #427522000215","19.25","debit","Laundry","Premium Checking","",""
"10/03/2014","Wegman's","WEGMANS #03 000000005854644600249830000835854644600 320142760949569454","2.59","debit","Groceries","Gold Card","",""
"10/03/2014","Wegman's","WEGMANS #03 000000005854644600249163478695854644600 320142760949929960","53.52","debit","Groceries","Gold Card","",""
"10/02/2014","Golden Rule Ins","Withdrawal-ACH-A-GOLDEN RULE INS GOLDEN RULE INS (INS. PREM.)","59.48","debit","Financial","Premium Checking","",""
"10/02/2014","Rackspace Cloud Cloud","RACKSPACE CLOUD     210-312-4003767685     CLOUD HOSTIN 320142750940961974","67.09","debit","Web Hosting","Gold Card","",""
"10/01/2014","Audible.com","AUDIBLE             888-283-505XKJTCY1BI8N AUDIO BOOKS 320142740916966168","28.68","debit","Books","Gold Card","",""
"9/30/2014","Evernote","EVERNOTE.COM 0990   REDWOOD CIT3551173234  650-257-0885 320142730899686955","5.00","debit","Electronics & Software","Gold Card","",""
"9/30/2014","Amazon","AMAZON MKTPLACE PMTSAMZN.COM/BIXJZ0JH22N87 BOOK STORES 320142730907481189","9.78","debit","Shopping","Gold Card","",""
"9/29/2014","Transfer to Gold Card","Withdrawal-ACH-A-AMEX EPAYMENT AMEX EPayment (ACH PMT)","4304.77","debit","Credit Card Payment","Premium Checking","",""
"9/29/2014","Amazon","AMAZON MKTPLACE PMTSAMZN.COM/BICEYONBXMN8S BOOK STORES 320142720883685336","93.48","debit","Shopping","Gold Card","",""
"9/29/2014","Amazon","AMAZON MKTPLACE PMTSAMZN.COM/BICEYSHY90SBK BOOK STORES 320142720883452438","43.01","debit","Shopping","Gold Card","",""
"9/29/2014","Amazon","AMAZON.COM          AMZN.COM/BICEY3P7AJT24 MERCHANDISE 320142720885729682","97.18","debit","Shopping","Gold Card","",""
"9/28/2014","Audible.com","AUDIBLE             888-283-505VI5MCXH28KL AUDIO BOOKS 320142710881248182","4.86","debit","Books","Gold Card","",""
"9/27/2014","Transfer from Business Reg Check","AUTOPAY PAYMENT - THANK YOU 320142700868743684","4304.77","credit","Credit Card Payment","Gold Card","",""
"9/26/2014","Time Warner","TIME WARNER CABLE   910-763-46340439448D0H CABLE 320142690843518191","76.46","debit","Television","Gold Card","",""
"9/26/2014","Google","GOOGLE *GOOGLE STORAGOOGLE.COM/A00XQ1WM    PYMT SERVICE 320142690840438903","9.99","debit","Advertising","Gold Card","",""
"9/25/2014","Taka House Webster","TAKA HOUSE INC      WEBSTER7856718520 320142680829954834","31.05","debit","Restaurants","Gold Card","",""
"9/25/2014","Wegman's","WEGMANS #03 000000005854644600249113296165854644600 320142680826571782","88.43","debit","Groceries","Gold Card","",""
"9/23/2014","Amazon","AMAZON.COM          AMZN.COM/BIVA4X7390BG2 MERCHANDISE 320142660793185695","447.11","debit","Shopping","Gold Card","",""
"9/23/2014","Amazon","AMAZON MKTPLACE PMTSAMZN.COM/BILW3B5D132SB BOOK STORES 320142660804430870","52.96","debit","Shopping","Gold Card","",""
"9/23/2014","Github Github San","GITHUB GITHUB       SAN FRANCIS5MTP2H6     4152910224 320142660794674717","7.00","debit","Web Hosting","Gold Card","",""
"9/23/2014","Amazon","AMAZON MKTPLACE PMTSAMZN.COM/BILN66DROXO5X BOOK STORES 320142660796297173","46.23","debit","Shopping","Gold Card","",""
"9/23/2014","Amazon","AMAZON MKTPLACE PMTSAMZN.COM/BIDYDAEECORWV BOOK STORES 320142660793382502","17.52","debit","Shopping","Gold Card","",""
"9/23/2014","Amazon","AMAZON MKTPLACE PMTSAMZN.COM/BIQ6XKI7Z733G BOOK STORES 320142660794811464","49.52","debit","Shopping","Gold Card","",""
"9/22/2014","Betterment Webbetterment","Withdrawal-ACH-A-BETTERMENT WEBBETTERMENT (TRANSFER)","1000.00","debit","IRA Contribution","Premium Checking","",""
"9/22/2014","Personal Union Trace","Withdrawal @ Personal Credit Union Trace #5211130387 Transfer &quot;DTD&quot; 1,500.00 to account *****4611 share 3","1500.00","debit","Transfer","Premium Checking","",""
"9/22/2014","Amazon","AMAZON.COM          AMZN.COM/BIEK1FEMOUC7Z MERCHANDISE 320142650780233641","82.75","debit","Shopping","Gold Card","",""
"9/22/2014","Wegman's","WEGMANS #03 000000005854644600249093412315854644600 320142650781938476","73.58","debit","Groceries","Gold Card","",""
"9/22/2014","Wegman's","WEGMANS #03 000000005854644600249130335245854644600 320142650782002623","5.39","debit","Groceries","Gold Card","",""
"9/20/2014","Bouchard Family Farms","Withdrawal @ BOUCHARD FAMILY FARMS 207-834-3237 MEUS Trace #426228700229","68.00","debit","Groceries","Premium Checking","",""
"9/19/2014","Coinbasebtc Com Webcoinbase","Withdrawal-ACH-A-COINBASEBTC.COM WEBCOINBASE.COM/BTC (8003435845)","2201.55","debit","Uncategorized","Premium Checking","",""
"9/19/2014","Wegman's","WEGMANS #066 00000005854644600249083417735854644600 320142620737342923","43.78","debit","Groceries","Gold Card","",""
"9/18/2014","Amazon","AMAZON DIGITAL SVCS 866-216-107VRY8VDJGUQU DIGITAL 320142610728939583","9.99","debit","Shopping","Gold Card","",""
"9/18/2014","Sprint PCS","SPRINT WIRELESS     800-639-61100720060966 WIRELESSSVCS 320142610727179286","239.75","debit","Mobile Phone","Gold Card","",""
"9/17/2014","Roch Gas Elec","Withdrawal-ACH-A-ROCH GAS & ELEC ROCH GAS & ELEC (RG&E PAYMT)","108.51","debit","Utilities","Premium Checking","",""
"9/17/2014","Wegman's","WEGMANS #03 000000005854644600249133066005854644600 320142600706043133","99.36","debit","Groceries","Gold Card","",""
"9/16/2014","Amazon","AMAZON MKTPLACE PMTSAMZN.COM/BIR58LRH2GF7Y BOOK STORES 320142590696260609","6.99","debit","Shopping","Gold Card","",""
"9/16/2014","Amazon","AMAZON MKTPLACE PMTSAMZN.COM/BIOO22X847FP3 BOOK STORES 320142590694905179","207.83","debit","Shopping","Gold Card","",""
"9/14/2014","Abundance Cooperative Market","ABUNDANCE COOPERATIVROCHESTER332001      GROCERY STORE 320142570661389293","42.79","debit","Groceries","Gold Card","",""
"9/12/2014","Xtralogic","GOOGLE *XTRALOGIC   GOOGLE.COM/A00WTTDM    PYMT SERVICE 320142550630582339","14.95","debit","Uncategorized","Gold Card","",""
"9/12/2014","Wegman's","WEGMANS #03 000000005854644600249193066005854644600 320142550629940066","37.99","debit","Groceries","Gold Card","",""
"9/11/2014","Amazon","AMAZON.COM          AMZN.COM/BIQCSVDAZA0N0 MERCHANDISE 320142540623009583","3.61","debit","Shopping","Gold Card","",""
"9/11/2014","Wegman's","WEGMANS #03 000000005854644600249203452315854644600 320142540614357242","37.55","debit","Groceries","Gold Card","",""
"9/10/2014","Fs Fsprg Com","FS *FSPRG.COM       877-327-891ZO2KHD86TRS 877-327-8914 320142530606240968","19.99","debit","Uncategorized","Gold Card","",""
"9/10/2014","Amazon","AMAZON MKTPLACE PMTSAMZN.COM/BIQCSJEBJW0WK BOOK STORES 320142530595332208","103.56","debit","Shopping","Gold Card","",""
"9/10/2014","Amazon","AMAZON MKTPLACE PMTSAMZN.COM/BIQCSUSSJRI8F BOOK STORES 320142530604188298","388.79","debit","Shopping","Gold Card","",""
"9/09/2014","Fancy Hands","FANCY HANDS, INC.   347-836-956685247714252347-836-9566 320142520579869821","45.00","debit","Uncategorized","Gold Card","",""
"9/08/2014","Exxon","EXXONMOBIL          WEBSTERT0F7545     585-347-4837 320142510577073967","23.36","debit","Gas & Fuel","Gold Card","",""
"9/08/2014","Wegman's","WEGMANS #03 000000005854644600249153479375854644600 320142510565762447","79.57","debit","Groceries","Gold Card","",""
"9/07/2014","Budget Rent","BUDGET RENT A CAR   ROCHESTERR/A# 930009625   800-621-2844 320142500558884524","216.61","debit","Rental Car & Taxi","Gold Card","",""
"9/07/2014","Amazon","AMAZON MKTPLACE PMTSAMZN.COM/BIDB8SJ9FDBTW BOOK STORES 320142500559463751","99.20","debit","Shopping","Gold Card","",""
"9/06/2014","Prem Car Rental","PREM CAR RENTAL PROTECTION 800-CRA22911242  09/04/2014 TULSA 320142490550821366","24.95","debit","Auto Insurance","Gold Card","",""
"9/05/2014","Budget Rent","BUDGET.COM PREPAY RETULSA22911242    800-621-2844 320142480532747310","990.00","debit","Rental Car & Taxi","Gold Card","",""
"9/03/2014","Amazon","AMAZON MKTPLACE PMTSAMZN.COM/BIE4I0YY0SQ99 BOOK STORES 320142460498399339","63.98","debit","Shopping","Gold Card","",""
"9/03/2014","Amazon","AMAZON MKTPLACE PMTSAMZN.COM/BIE4IEEE1HUYH BOOK STORES 320142460490139330","67.67","debit","Shopping","Gold Card","",""
"9/03/2014","Rackspace Cloud Cloud","RACKSPACE CLOUD     210-312-4003606689     CLOUD HOSTIN 320142460501289695","64.99","debit","Web Hosting","Gold Card","",""
"9/03/2014","Amazon","AMAZON MKTPLACE PMTSAMZN.COM/BIE4IPO5PSM42 BOOK STORES 320142460488471434","6.59","debit","Shopping","Gold Card","",""
"9/01/2014","Hostingcom","INMOTIONHOSTING.COM LOS ANGELESIMH-314-733 8883214678 320142440462818201","59.94","debit","Home Phone","Gold Card","",""
"8/31/2014","Wegman's","WEGMANS #03 000000005854644600249193407865854644600 320142430448841349","69.43","debit","Groceries","Gold Card","",""
"8/30/2014","Amazon","AMAZON MKTPLACE PMTSAMZN.COM/BICXKP8J8MOES BOOK STORES 320142420433069165","80.00","debit","Shopping","Gold Card","",""
"8/30/2014","Amazon","AMAZON MKTPLACE PMTSAMZN.COM/BIG0HTW68C921 BOOK STORES 320142420442033205","54.79","debit","Shopping","Gold Card","",""
"8/29/2014","Autopay Thank You","AUTOPAY PAYMENT - THANK YOU 320142410429212411","2913.60","credit","Credit Card Payment","Gold Card","",""
"8/29/2014","Evernote","EVERNOTE.COM 0990   REDWOOD CIT3410921294  650-257-0885 320142410417368809","5.00","debit","Electronics & Software","Gold Card","",""
"8/29/2014","Acmeandroid","GOOGLE *ACMEANDROID GOOGLE.COM/A00VW74J    PYMT SERVICE 320142410425422926","0.99","debit","Uncategorized","Gold Card","",""
"8/27/2014","Prem Car Rental","PREM CAR RENTAL PROTECTION 800-CRA930009614 07/26/2014 ROCHESTER 320142390396773384","24.95","debit","Auto Insurance","Gold Card","",""
"8/27/2014","Budget Rent","BUDGET RENT A CAR   ROCHESTERR/A# 930009614   800-621-2844 320142390391476887","685.13","debit","Rental Car & Taxi","Gold Card","",""
"8/26/2014","Wegman's","WEGMANS #066 00000005854644600249201052975854644600 320142380372158473","35.12","debit","Groceries","Gold Card","",""
"8/26/2014","Amazon","AMAZON MKTPLACE PMTSAMZN.COM/BIG5AXZWL0LT7 BOOK STORES 320142380380554260","248.94","debit","Shopping","Gold Card","",""
"8/26/2014","Google","GOOGLE *GOOGLE STORAGOOGLE.COM/A00VRM7U    PYMT SERVICE 320142380370595839","9.99","debit","Advertising","Gold Card","",""
"8/26/2014","Time Warner","TIME WARNER CABLE   910-763-46395945173IZ7 CABLE 320142380374524704","76.46","debit","Television","Gold Card","",""
"8/25/2014","Github Github San","GITHUB GITHUB       SAN FRANCISMRNWSDB     4152910224 320142370357261559","7.00","debit","Web Hosting","Gold Card","",""
"8/24/2014","Amazon","AMAZON SERVICES-KIND866-216-107G5YXXNPVTP0 DIGITAL 320142360341949552","11.99","debit","Shopping","Gold Card","",""
"8/24/2014","Wegman's","WEGMANS #03 000000005854644600249183452485854644600 320142360341280161","93.17","debit","Groceries","Gold Card","",""
"8/24/2014","Exxon","EXXONMOBIL          WEBSTERT0F6360     585-347-4837 320142360345924861","54.27","debit","Gas & Fuel","Gold Card","",""
"8/24/2014","Amazon","AMAZON SERVICES-KIND866-216-107PQB6ZC9L56A DIGITAL 320142360341857354","10.56","debit","Shopping","Gold Card","",""
"8/21/2014","Smart","GOOGLE *SMART ABP   GOOGLE.COM/A00VD9SF    PYMT SERVICE 320142330305336832","1.99","debit","Home Improvement","Gold Card","",""
"8/20/2014","Amazon","AMAZON MKTPLACE PMTSAMZN.COM/BIFRD7WSCZZ5M BOOK STORES 320142320282698035","7.99","debit","Shopping","Gold Card","",""
"8/19/2014","Amazon","AMAZON.COM          AMZN.COM/BIFRDH715R7VV MERCHANDISE 320142310270442538","39.94","debit","Shopping","Gold Card","",""
"8/18/2014","Amazon","AMAZON DIGITAL SVCS 866-216-107IP92J1UMK74 DIGITAL 320142300254950589","9.99","debit","Shopping","Gold Card","",""
"8/18/2014","Sprint PCS","SPRINT WIRELESS     800-639-61100709583021 WIRELESSSVCS 320142300254401798","260.93","debit","Mobile Phone","Gold Card","",""
"8/18/2014","Amazon","AMAZON MKTPLACE PMTSAMZN.COM/BIFRDTZ4ZSGJY BOOK STORES 320142300246042756","40.98","debit","Shopping","Gold Card","",""
"8/17/2014","Wegman's","WEGMANS #03 000000005854644600249123433175854644600 320142290235379906","86.86","debit","Groceries","Gold Card","",""
"8/15/2014","Amazon","AMAZON MKTPLACE PMTSAMZN.COM/BID4QYZCBGXQI BOOK STORES 320142270202832691","40.00","debit","Shopping","Gold Card","",""
"8/14/2014","Wegman's","WEGMANS #066 00000005854644600249153429505854644600 320142260189058506","50.18","debit","Groceries","Gold Card","",""
"8/12/2014","Amazon","AMAZON MKTPLACE PMTSAMZN.COM/BIKMX1ZYXZ6ER BOOK STORES 320142240165421872","188.24","debit","Shopping","Gold Card","",""
"8/11/2014","Fs Fsprg Com","FS *FSPRG.COM       877-327-891N8HJIG7PQPA 877-327-8914 320142230147449584","19.99","debit","Uncategorized","Gold Card","",""
"8/11/2014","Fancy Hands","FANCY HANDS, INC.   347-836-956685247714222347-836-9566 320142230150493221","45.00","debit","Uncategorized","Gold Card","",""
"8/10/2014","Wegman's","WEGMANS #03 000000005854644600249170304125854644600 320142220128076079","66.20","debit","Groceries","Gold Card","",""
"8/10/2014","Trader Joe's","TRADER JOE'S #534 QPROCHESTER0019506     626-599-3700 320142220136976241","29.56","debit","Groceries","Gold Card","",""
"8/08/2014","Wegman's","WEGMANS #03 000000005854644600249133372555854644600 320142200097706847","93.42","debit","Groceries","Gold Card","",""
"8/06/2014","Amazon","AMAZON MKTPLACE PMTSAMZN.COM/BIRNXXOE56LOB BOOK STORES 320142180072890828","19.12","debit","Shopping","Gold Card","",""
"8/05/2014","Amazon","AMAZON.COM          AMZN.COM/BIRNXUTIYX7GF MERCHANDISE 320142170059483104","13.76","debit","Shopping","Gold Card","",""
"8/05/2014","Amazon","AMAZON MKTPLACE PMTSAMZN.COM/BIRNXGEUI28N8 BOOK STORES 320142170057578894","35.99","debit","Shopping","Gold Card","",""
"8/04/2014","International","Withdrawal-ACH-A-ACH WEBFREELANCER INTERNATIONAL PTY LTD IAT-WEB (IAT PAYPAL)","102.60","debit","Business Services","Premium Checking","",""
"8/04/2014","Amazon","AMAZON MKTPLACE PMTSAMZN.COM/BICQUI2H2RZT9 BOOK STORES 320142160035186459","85.50","debit","Shopping","Gold Card","",""
"8/04/2014","Wegman's","WEGMANS #03 000000005854644600249113296215854644600 320142160034893482","82.97","debit","Groceries","Gold Card","",""
"8/03/2014","Amazon","AMAZON MKTPLACE PMTSAMZN.COM/BIQT7T98ZLT65 BOOK STORES 320142150028493236","81.23","debit","Shopping","Gold Card","",""
"8/02/2014","Rackspace Cloud Cloud","RACKSPACE CLOUD     210-312-4003420309     CLOUD HOSTIN 320142140011851816","58.48","debit","Web Hosting","Gold Card","",""
"8/01/2014","International","Withdrawal-ACH-A-ACH WEBFREELANCER INTERNATIONAL PTY LTD IAT-WEB (IAT PAYPAL)","9.51","debit","Business Services","Premium Checking","",""
"8/01/2014","International","Withdrawal-ACH-A-ACH WEBFREELANCER INTERNATIONAL PTY LTD IAT-WEB (IAT PAYPAL)","307.20","debit","Shopping","Premium Checking","",""
"8/01/2014","Lance","ELANCE INC          MOUNTAIN VI18398646    6503167500 320142130985278362","1.17","credit","Restaurants","Gold Card","",""
"8/01/2014","Lance","ELANCE INC          MOUNTAIN VI18398646    6503167500 320142130985278363","1.40","credit","Restaurants","Gold Card","",""
"7/30/2014","Wegman's","WEGMANS #03 000000005854644600249173372745854644600 320142110957501187","94.30","debit","Groceries","Gold Card","",""
"7/29/2014","Autopay Thank You","AUTOPAY PAYMENT - THANK YOU 320142100953436047","4391.14","credit","Credit Card Payment","Gold Card","",""
"7/29/2014","Amazon","AMAZON MKTPLACE PMTSAMZN.COM/BIGJRYY9V5J6C BOOK STORES 320142100950420522","66.27","debit","Shopping","Gold Card","",""
"7/29/2014","Amazon","AMAZON MKTPLACE PMTSAMZN.COM/BINILC4EVXZY5 BOOK STORES 320142100944662896","6.48","debit","Shopping","Gold Card","",""
"7/29/2014","Amazon","AMAZON MKTPLACE PMTSAMZN.COM/BIOA158JZ2YR7 BOOK STORES 320142100941051633","40.00","debit","Shopping","Gold Card","",""
"7/29/2014","Evernote","EVERNOTE.COM 0990   REDWOOD CIT5650639064  650-257-0885 320142100941005127","5.00","debit","Electronics & Software","Gold Card","",""
"7/28/2014","Skype","Withdrawal-ACH-A-SKYPE COMMUNICATIONS WEBFREELANCER INTERNATIONAL PTY LTD IAT-WEB (IAT PAYPAL)","306.43","debit","Home Phone","Premium Checking","",""
"7/28/2014","Skype","Withdrawal-ACH-A-SKYPE COMMUNICATIONS WEBFREELANCER INTERNATIONAL PTY LTD IAT-WEB (IAT PAYPAL)","9.51","debit","Home Phone","Premium Checking","",""
"7/27/2014","Prem Car Rental","PREM CAR RENTAL PROTECTION 800-CRA930014606 07/22/2014 ROCHESTER 320142080922365796","24.95","debit","Auto Insurance","Gold Card","",""
"7/27/2014","Exxon","EXXONMOBIL          WEBSTERT0F4933     585-347-4837 320142080917207869","18.15","debit","Gas & Fuel","Gold Card","",""
"7/27/2014","Budget Rent","BUDGET RENT A CAR   ROCHESTERR/A# 930014606   800-621-2844 320142080920615681","77.98","debit","Rental Car & Taxi","Gold Card","",""
"7/26/2014","Time Warner","TIME WARNER CABLE   910-763-46351353544IXZ CABLE 320142070899270184","76.46","debit","Television","Gold Card","",""
"7/25/2014","Wegman's","WEGMANS #066 00000005854644600249123363015854644600 320142060883100458","87.44","debit","Groceries","Gold Card","",""
"7/24/2014","Wegman's","WEGMANS #03 000000005854644600249141867685854644600 320142050868049634","124.30","debit","Groceries","Gold Card","",""
"7/24/2014","Gh Github Com","GH *GITHUB.COM     OSAN FRANCIS99QFF8W     415-448-6673 320142050871514808","7.00","debit","Web Hosting","Gold Card","",""
"7/23/2014","Prem Car Rental","PREM CAR RENTAL PROTECTION 800-CRA930014595 06/21/2014 ROCHESTER 320142040861726230","24.95","debit","Auto Insurance","Gold Card","",""
"7/23/2014","Budget Rent","BUDGET RENT A CAR   ROCHESTERR/A# 930014595   800-621-2844 320142040858677876","592.00","debit","Rental Car & Taxi","Gold Card","",""
"7/23/2014","Elance Escrow Corpormountain","ELANCE ESCROW CORPORMOUNTAIN VI18398831    6503167500 320142040850400124","200.00","debit","Uncategorized","Gold Card","why?-refund",""
"7/22/2014","Lance","ELANCE INC          MOUNTAIN VI18398646    6503167500 320142030834554566","1.40","debit","Restaurants","Gold Card","",""
"7/22/2014","Lance","ELANCE INC          MOUNTAIN VI18398646    6503167500 320142030834864444","1.17","debit","Restaurants","Gold Card","",""
"7/22/2014","Cran Gold","PAYPAL *CRAN GOLD   402935773386617418    402-935-7733 320142030833402851","22.00","debit","Uncategorized","Gold Card","",""
"7/20/2014","Amazon","AMAZON MKTPLACE PMTSAMZN.COM/BIM32RCEY1PIH BOOK STORES 320142010816079857","31.68","debit","Shopping","Gold Card","",""
"7/20/2014","Exxon","EXXONMOBIL          WEBSTERT0F7817     585-347-4837 320142010814326974","55.77","debit","Gas & Fuel","Gold Card","",""
"7/19/2014","Wegman's","WEGMANS #066 00000005854644600249103349885854644600 320142000793854661","86.87","debit","Groceries","Gold Card","",""
"7/19/2014","Sprint PCS","SPRINT WIRELESS     800-639-61100699743160 WIRELESSSVCS 320142000797142525","239.98","debit","Mobile Phone","Gold Card","",""
"7/19/2014","Amazon","AMAZON MKTPLACE PMTSAMZN.COM/BISGDBGBH1M8J BOOK STORES 320142000793386964","9.60","debit","Shopping","Gold Card","",""
"7/19/2014","Rmanning","PAYPAL *RMANNING30  402935773380522262    402-935-7733 320142000789998546","35.00","debit","Uncategorized","Gold Card","",""
"7/19/2014","Acronis","CBI*ACRONIS         866-522-68561351153    SOFTWARE 320142000795846650","29.99","debit","Electronics & Software","Gold Card","",""
"7/18/2014","Target","TARGET T2038 2038   WEBSTER00725917    DISCOUNT STORE 320141990788624118","45.12","debit","Shopping","Gold Card","",""
"7/16/2014","Wegman's","WEGMANS #066 00000005854644600249193385765854644600 320141970746302086","17.70","debit","Groceries","Gold Card","",""
"7/16/2014","Roch Gas Elec","Withdrawal-ACH-A-ROCH GAS & ELEC ROCH GAS & ELEC (RG&E PAYMT)","143.30","debit","Utilities","Premium Checking","",""
"7/15/2014","Betterment Webbetterment","Withdrawal-ACH-A-BETTERMENT WEBBETTERMENT (TRANSFER)","10000.00","debit","IRA Contribution","Premium Checking","",""
"7/15/2014","Amazon","AMAZON MKTPLACE PMTSAMZN.COM/BIVD1X582PXFF BOOK STORES 320141960734999819","24.97","debit","Shopping","Gold Card","",""
"7/14/2014","Slma Ed Serv","Withdrawal-ACH-A-SLMA ED SERV PPD SLMA ED SERV PPD (STUDNTLOAN)","92.63","debit","Student Loan","Premium Checking","",""
"7/14/2014","Amazon","AMAZON MKTPLACE PMTSAMZN.COM/BIJ299BHQAO07 BOOK STORES 320141950711439865","10.94","debit","Shopping","Gold Card","",""
"7/14/2014","Wegman's","WEGMANS #03 000000005854644600249560997855854644600 320141950714876617","11.24","debit","Groceries","Gold Card","",""
"7/14/2014","Amazon","AMAZON MKTPLACE PMTSAMZN.COM/BIFPG5SO64QL7 BOOK STORES 320141950714392204","18.97","debit","Shopping","Gold Card","",""
"7/14/2014","Amazon","AMAZON.COM          AMZN.COM/BIPIO61F4QT7E MERCHANDISE 320141950713395088","18.44","debit","Shopping","Gold Card","",""
"7/13/2014","Wegman's","WEGMANS #03 000000005854644600249173324705854644600 320141940701905492","80.62","debit","Groceries","Gold Card","",""
"7/13/2014","Amazon","AMAZON.COM          AMZN.COM/BIPENDZBBSOQS MERCHANDISE 320141940699382807","15.28","debit","Shopping","Gold Card","",""
"7/13/2014","Amazon","AMAZON MKTPLACE PMTSAMZN.COM/BIPENA7IY14HM BOOK STORES 320141940709503712","32.15","debit","Shopping","Gold Card","",""
"7/13/2014","Abundance Cooperative Market","ABUNDANCE COOPERATIVROCHESTER610008      GROCERY STORE 320141940702638432","41.48","debit","Groceries","Gold Card","",""
"7/12/2014","Fs Fsprg Com","FS *FSPRG.COM       877-327-891-SQR3A9SQJ- 877-327-8914 320141930690717042","19.99","debit","Uncategorized","Gold Card","",""
"7/12/2014","Amazon","AMAZON MKTPLACE PMTSAMZN.COM/BIPK3FABFBMKD BOOK STORES 320141930685867071","40.63","debit","Shopping","Gold Card","",""
"7/11/2014","Bayview Cleaners","Withdrawal @ BAYVIEW CLEANERS & LAUNWEBSTER NYUS Trace #419127000685","19.90","debit","Laundry","Premium Checking","",""
"7/11/2014","Amazon","AMAZON MKTPLACE PMTSAMZN.COM/BIPENLI4E2IYC BOOK STORES 320141920667259809","8.07","debit","Shopping","Gold Card","",""
"7/11/2014","Amazon","AMAZON MKTPLACE PMTSAMZN.COM/BID6MI8XBRAKU BOOK STORES 320141920679364016","73.02","debit","Shopping","Gold Card","",""
"7/11/2014","Wegman's","WEGMANS #03 000000005854644600249193388555854644600 320141920670495030","32.93","debit","Groceries","Gold Card","",""
"7/11/2014","Amazon","AMAZON MKTPLACE PMTSAMZN.COM/BID6MVOIQL0U3 DIRECT MKTG MISC 320141920671696598","73.02","credit","Shopping","Gold Card","",""
"7/10/2014","Sallie Mae","Withdrawal (Item #1135)-ACH-A-ED SALLIE MAE PR ARCED SALLIE MAE PR ACH TRANSACTION (PAYMENT)","342.39","debit","Student Loan","Premium Checking","",""
"7/10/2014","Wegman's","WEGMANS #066 00000005854644600249193322675854644600 320141910654378924","13.08","debit","Groceries","Gold Card","",""
"7/09/2014","PayPal","Withdrawal-ACH-A-PAYPAL WEBPAYPAL (INST XFER)","220.00","debit","Shopping","Premium Checking","",""
"7/09/2014","Mcaa Parking Rochester","MCAA PARKING - 5400-ROCHESTER00000000000 585-292-4900 320141900641047949","43.75","debit","Parking","Gold Card","",""
"7/09/2014","Fancy Hands","FANCY HANDS, INC.   347-836-956685247714190347-836-9566 320141900636224890","45.00","debit","Uncategorized","Gold Card","",""
"7/09/2014","Wegman's","WEGMANS #03 000000005854644600249163389095854644600 320141900639137525","88.01","debit","Groceries","Gold Card","",""
"7/08/2014","Amazon","AMAZON MKTPLACE PMTSAMZN.COM/BIHCY0Y4A910V BOOK STORES 320141890624448759","46.23","debit","Shopping","Gold Card","",""
"7/08/2014","Amazon","AMAZON MKTPLACE PMTSAMZN.COM/BIPAI450XD04V BOOK STORES 320141890620159359","43.66","debit","Shopping","Gold Card","",""
"7/08/2014","Amazon","AMAZON.COM          AMZN.COM/BIFB6SF6FWOC4 MERCHANDISE 320141890620444950","27.51","debit","Shopping","Gold Card","",""
"7/08/2014","Amazon","AMAZON MKTPLACE PMTSAMZN.COM/BIPAIPXG6KMBQ BOOK STORES 320141890629089622","128.73","debit","Shopping","Gold Card","",""
"7/07/2014","Internal Revenue Service","Withdrawal-ACH-A-IRS IRS (USATAXPYMT)","12999.24","debit","Federal Tax","Premium Checking","",""
"7/07/2014","Dropbox","DROPBOX DROPBOX     SAN FRANCISHPWTHYB     415-986-7057 320141880606361745","99.00","debit","Electronics & Software","Gold Card","",""
"7/04/2014","GameStop","Withdrawal @ GAMESTOP #6482 SILVER SPRINGMDUS Trace #418426100161","31.79","debit","Electronics & Software","Premium Checking","","Kinnect for house"
"7/04/2014","Safeway","SAFEWAY  STORE  1565SILVER SPRIGROCERY STORE 320141850576767897","34.99","debit","Groceries","Gold Card","",""
"7/03/2014","M Preserve M","Withdrawal-ACH-A-M - PRESERVE M - PRESERVE (CASH TRANS)","1320.00","debit","Mortgage & Rent","Premium Checking","",""
"7/03/2014","Golden Rule Ins","Withdrawal-ACH-A-GOLDEN RULE INS GOLDEN RULE INS (INS. PREM.)","59.48","debit","Financial","Premium Checking","",""
"7/03/2014","Safeway","SAFEWAY  STORE  1565SILVER SPRIGROCERY STORE 320141840556737006","53.48","debit","Groceries","Gold Card","",""
"7/03/2014","Amazon","AMAZON MKTPLACE PMTSAMZN.COM/BIJU21K8XY3J8 BOOK STORES 320141840562760385","34.98","debit","Shopping","Gold Card","",""
"7/03/2014","Giant Food","GIANT FOOD INC #350 SILVER SPRI547909      GROCERY STORE 320141840559748146","72.92","debit","Groceries","Gold Card","",""
"7/03/2014","Amazon","AMAZON MKTPLACE PMTSAMZN.COM/BIXM5RJIGX3IF BOOK STORES 320141840558727419","55.81","debit","Shopping","Gold Card","",""
"7/03/2014","Home Depot","THE HOME DEPOT 2551 SILVER SPRI07020255187 999-999-9999 320141840550845000","9.93","debit","Home Improvement","Gold Card","",""
"7/02/2014","Rackspace Cloud Cloud","RACKSPACE CLOUD     210-312-4003250184     CLOUD HOSTIN 320141830544756266","58.15","debit","Web Hosting","Gold Card","",""
"7/02/2014","Mom's Organic Market","MOMS ORGANIC MARKET JESSUP0069680     301-816-1133 320141830542560255","157.48","debit","Restaurants","Gold Card","",""
"7/01/2014","Waterwatch","Withdrawal-ACH-A-WATERWATCH WEBWATER WATCH CORP (WATERWATCH)","151.50","debit","Utilities","Premium Checking","",""
"6/30/2014","Dividend Through Date","Dividend Through date: 30JUN2014","0.53","credit","Investments","Base Share Savings","",""
"6/30/2014","Deposit","Deposit","16150.00","credit","Income","Premium Checking","",""
"6/30/2014","Transfer to Gold Card","Withdrawal-ACH-A-AMEX EPAYMENT AMEX EPayment (ACH PMT)","5980.80","debit","Credit Card Payment","Premium Checking","",""
"6/30/2014","Zhen Liang Chen","Withdrawal-ACH-A-ZHEN LIANG CHEN WEBYUVAL ZIV IAT-WEB (IAT PAYPAL)","24.95","debit","Uncategorized","Premium Checking","",""
"6/30/2014","Wegman's","WEGMANS #03 000000005854644600249193078155854644600 320141810504270302","15.56","debit","Groceries","Gold Card","",""
"6/30/2014","Wegman's","WEGMANS #03 000000005854644600249063426885854644600 320141810503797478","75.27","debit","Groceries","Gold Card","",""
"6/29/2014","Amazon","AMAZON MKTPLACE PMTSAMZN.COM/BITHUENJBJCNF BOOK STORES 320141800488506357","11.50","debit","Shopping","Gold Card","",""
"6/29/2014","Amazon","AMAZON MKTPLACE PMTSAMZN.COM/BITHUCO6S414M BOOK STORES 320141800489029052","138.71","debit","Shopping","Gold Card","",""
"6/29/2014","Evernote","EVERNOTE.COM 0990   REDWOOD CIT5600382596  650-257-0885 320141800489061110","5.00","debit","Electronics & Software","Gold Card","",""
"6/29/2014","Amazon","AMAZON MKTPLACE PMTSAMZN.COM/BIN5JDBIYUOJX BOOK STORES 320141800489029488","49.99","debit","Shopping","Gold Card","",""
"6/29/2014","Amazon","AMAZON MKTPLACE PMTSAMZN.COM/BITHUELNHYW7G BOOK STORES 320141800491337978","5.96","debit","Shopping","Gold Card","",""
"6/28/2014","GameStop","Withdrawal @ GAMESTOP #5287 WEBSTER NYUS Trace #417922000187","32.39","debit","Electronics & Software","Premium Checking","",""
"6/28/2014","Bfsoftware","PAYPAL *BFSOFTWARE  402935773339071412    402-935-7733 320141790473552010","17.63","debit","Electronics & Software","Gold Card","",""
"6/28/2014","Amazon","AMAZON MKTPLACE PMTSAMZN.COM/BIU60EPNW9WW7 BOOK STORES 320141790485530941","145.44","debit","Shopping","Gold Card","",""
"6/28/2014","Transfer from Business Reg Check","AUTOPAY PAYMENT - THANK YOU 320141790487343332","5980.80","credit","Credit Card Payment","Gold Card","",""
"6/28/2014","Wegman's","WEGMANS #066 00000005854644600249053212405854644600 320141790475261414","3.18","debit","Groceries","Gold Card","",""
"6/27/2014","Amazon","AMAZON MKTPLACE PMTSAMZN.COM/BIX7GFNUPMG2I BOOK STORES 320141780456556663","9.95","debit","Shopping","Gold Card","",""
"6/27/2014","Amazon","AMAZON.COM          AMZN.COM/BITHUM28JS057 MERCHANDISE 320141780458490790","91.39","debit","Shopping","Gold Card","",""
"6/27/2014","Target","TARGET T2038 2038   WEBSTER00779126    DISCOUNT STORE 320141780470884183","30.14","debit","Shopping","Gold Card","",""
"6/27/2014","Amazon","AMAZON MKTPLACE PMTSAMZN.COM/BII1JQBX5ZVKR BOOK STORES 320141780458835111","9.95","debit","Shopping","Gold Card","",""
"6/27/2014","Wegman's","WEGMANS #066 00000005854644600249103386045854644600 320141780460320892","132.22","debit","Groceries","Gold Card","",""
"6/26/2014","Time Warner","TIME WARNER CABLE   910-763-46309330520JWU CABLE 320141770445461228","76.46","debit","Television","Gold Card","",""
"6/26/2014","Amazon","AMAZON.COM          AMZN.COM/BISBQXYSXCDY4 MERCHANDISE 320141770452016111","29.28","debit","Shopping","Gold Card","",""
"6/26/2014","Customprobi","PAYPAL *CUSTOMPROBI 402935773333041669    402-935-7733 320141770452453025","130.00","debit","Health & Fitness","Gold Card","",""
"6/26/2014","Amazon","AMAZON MKTPLACE PMTSAMZN.COM/BICOH2ZG7ECDS BOOK STORES 320141770447931134","12.95","debit","Shopping","Gold Card","",""
"6/26/2014","Amazon","AMAZON MKTPLACE PMTSAMZN.COM/BIPP13ZS9CPVI BOOK STORES 320141770453502172","9.50","debit","Shopping","Gold Card","",""
"6/26/2014","Amazon","AMAZON MKTPLACE PMTSAMZN.COM/BISBQOZ291GEV BOOK STORES 320141770447569353","173.91","debit","Shopping","Gold Card","",""
"6/26/2014","Amazon","AMAZON.COM          AMZN.COM/BISBQOEDLJ9ZB MERCHANDISE 320141770450671524","8.53","debit","Shopping","Gold Card","",""
"6/25/2014","ATM Fee","Withdrawal @ ATM96811 1055 RIDGE RD WEBSTER NYUS Trace #417519774490","2.00","debit","ATM Fee","Premium Checking","",""
"6/25/2014","ATM Trace 1055 Ridge Road","Withdrawal @ ATM96811 1055 RIDGE RD WEBSTER NYUS Trace #417519774490","260.00","debit","Cash & ATM","Premium Checking","",""
"6/25/2014","Amazon","AMAZON.COM          AMZN.COM/BISBQ8V4W0MNI MERCHANDISE 320141760426164753","22.72","debit","Shopping","Gold Card","",""
"6/25/2014","Amazon","AMAZON.COM          AMZN.COM/BISBQV9J7BDRF MERCHANDISE 320141760425915402","20.52","debit","Shopping","Gold Card","",""
"6/25/2014","Gh Github Com","GH *GITHUB.COM     OSAN FRANCISGWR7J76     415-448-6673 320141760437630004","7.00","debit","Web Hosting","Gold Card","",""
"6/24/2014","Deposit","Deposit","22325.00","credit","Income","Premium Checking","",""
"6/23/2014","Bayview Cleaners","Withdrawal @ BAYVIEW CLEANERS AND LAWEBSTER NYUS Trace #417322100653","33.00","debit","Laundry","Premium Checking","",""
"6/23/2014","Mitra Haman Webmitra","Withdrawal-ACH-A- MITRA HAMAN WEBMITRA HAMAN IAT-WEB (IAT PAYPAL)","187.50","debit","Uncategorized","Premium Checking","",""
"6/23/2014","Car Rental","PREM CAR RENTAL PROTECTION 800-CRA930013965 06/10/2014 ROCHESTER 320141740407525076","24.95","debit","Auto & Transport","Gold Card","",""
"6/22/2014","Budget Rent","BUDGET RENT A CAR   ROCHESTERR/A# 930013965   800-621-2844 320141730391322896","247.79","debit","Rental Car & Taxi","Gold Card","",""
"6/22/2014","Trader Joe's","TRADER JOE'S #534 QPROCHESTER0426275     626-599-3700 320141730389795305","86.30","debit","Groceries","Gold Card","",""
"6/21/2014","Rghs Rochester","RGHS 0323           ROCHESTER0000609149  585-922-1811 320141720376873110","168.00","debit","Doctor","Gold Card","",""
"6/21/2014","Sunoco","SUNOCO 0364164403   WEBSTER17267892801 AUTO FUEL DISPENSER 320141720366018824","36.65","debit","Gas & Fuel","Gold Card","",""
"6/21/2014","Liftmode","PAYPAL *LIFTMODE    402935773326005248    402-935-7733 320141720366491775","92.76","debit","Health & Fitness","Gold Card","",""
"6/21/2014","Wegman's","WEGMANS #066 00000005854644600249093401865854644600 320141720370444409","49.42","debit","Groceries","Gold Card","",""
"6/20/2014","Betterment Webbetterment","Withdrawal-ACH-A-BETTERMENT WEBBETTERMENT (TRANSFER)","1000.00","debit","IRA Contribution","Premium Checking","",""
"6/20/2014","Deposit Personal Union","Deposit @ Personal Credit Union Trace #5801054516 Transfer &quot;DTD&quot; 1,000.00 from account *****4611 share 3","1000.00","credit","Transfer","Premium Checking","",""
"6/19/2014","Roch Gas Elec","Withdrawal-ACH-A-ROCH GAS & ELEC ROCH GAS & ELEC (RG&E PAYMT)","191.79","debit","Utilities","Premium Checking","",""
"6/19/2014","Wegman's","WEGMANS #066 00000005854644600249133212405854644600 320141700338598475","18.45","debit","Groceries","Gold Card","",""
"6/18/2014","Credit","Withdrawal @ Personal Credit Union Trace #5606235127 Transfer &quot;DTD&quot; 1,000.00 to account *****4611 share 3","1000.00","debit","Business Services","Premium Checking","",""
"6/18/2014","Sprint PCS","SPRINT WIRELESS     800-639-61100690053919 WIRELESSSVCS 320141690329552402","242.18","debit","Mobile Phone","Gold Card","",""
"6/17/2014","Amazon","AMAZON MKTPLACE PMTSAMZN.COM/BIEIJVABY05QX BOOK STORES 320141680311693502","72.19","debit","Shopping","Gold Card","",""
"6/17/2014","Customprobi","PAYPAL *CUSTOMPROBI 402935773315378422    402-935-7733 320141680311060683","130.00","debit","Health & Fitness","Gold Card","",""
"6/16/2014","Bayview Cleaners","Withdrawal @ BAYVIEW CLEANERS AND LAWEBSTER NYUS Trace #416629100651","11.00","debit","Laundry","Premium Checking","",""
"6/16/2014","Amazon","AMAZON MKTPLACE PMTSAMZN.COM/BIO94V7HODWMI BOOK STORES 320141670290394203","179.95","debit","Shopping","Gold Card","",""
"6/16/2014","Amazon","AMAZON.COM          AMZN.COM/BIPVTH3ZOI5Q8 MERCHANDISE 320141670299239486","32.98","debit","Shopping","Gold Card","",""
"6/15/2014","Amazon","AMAZON SERVICES-KIND866-216-107MZU8PXI07SI DIGITAL 320141660277931867","9.99","debit","Shopping","Gold Card","",""
"6/15/2014","Wegman's","WEGMANS #03 000000005854644600249091867385854644600 320141660277419787","118.86","debit","Groceries","Gold Card","",""
"6/15/2014","Synaptent Llc Chicago","SYNAPTENT LLC 863000CHICAGO100025136   8552289993 320141660278448512","48.88","debit","Uncategorized","Gold Card","",""
"6/15/2014","Delta","DELTA SONIC CW 1829-WEBSTER0206193     MISC FOOD STORE 320141660282567231","14.00","debit","Air Travel","Gold Card","",""
"6/14/2014","Amazon","AMAZON MKTPLACE PMTSAMZN.COM/BIPVTR30Z4W6R BOOK STORES 320141650258836096","224.91","debit","Shopping","Gold Card","",""
"6/14/2014","Amazon","AMAZON SERVICES-KIND866-216-107L1YC8OLHOCZ DIGITAL 320141650259250554","8.24","debit","Shopping","Gold Card","",""
"6/14/2014","Amazon","AMAZON SERVICES-KIND866-216-107QHLSXSKD8SG DIGITAL 320141650258756328","8.43","debit","Shopping","Gold Card","",""
"6/13/2014","Credit","Withdrawal @ Personal Credit Union Trace #5114491440 Transfer &quot;DTD&quot; 300.00 to account *****4611 share 3","300.00","debit","Business Services","Premium Checking","",""
"6/13/2014","Amazon","AMAZON MKTPLACE PMTSAMZN.COM/BIET9236NAH3G BOOK STORES 320141640251894910","183.94","debit","Shopping","Gold Card","",""
"6/12/2014","Slma Ed Serv","Withdrawal-ACH-A-SLMA ED SERV PPD SLMA ED SERV PPD (STUDNTLOAN)","92.63","debit","Student Loan","Premium Checking","",""
"6/12/2014","Car Rental","PREM CAR RENTAL PROTECTION 800-CRA930013954 05/10/2014 ROCHESTER 320141630240119604","24.95","debit","Auto & Transport","Gold Card","",""
"6/12/2014","Fs Fsprg Com","FS *FSPRG.COM       877-327-8912K3E6MIVT9M 877-327-8914 320141630236842365","19.99","debit","Uncategorized","Gold Card","",""
"6/12/2014","Budget Rent","BUDGET RENT A CAR   ROCHESTERR/A# 930013954   800-621-2844 320141630235976918","657.65","debit","Rental Car & Taxi","Gold Card","",""
"6/12/2014","Amazon","AMAZON.COM          AMZN.COM/BIS0KVGJX7R59 MERCHANDISE 320141630236482635","74.51","debit","Shopping","Gold Card","",""
"6/12/2014","Amazon","AMAZON MKTPLACE PMTSAMZN.COM/BIS0KB957X24U BOOK STORES 320141630235113230","47.15","debit","Shopping","Gold Card","",""
"6/11/2014","Amazon","AMAZON MKTPLACE PMTSAMZN.COM/BILSJWZL82BON BOOK STORES 320141620210715406","24.77","debit","Shopping","Gold Card","",""
"6/11/2014","Organic","PAYPAL *ORGANIC3COM 888524658505802344    402-935-7733 320141620224655439","104.94","debit","Food & Dining","Gold Card","",""
"6/11/2014","Wegman's","WEGMANS #066 00000005854644600249103326515854644600 320141620213910224","85.20","debit","Groceries","Gold Card","",""
"6/10/2014","Amazon","AMAZON MKTPLACE PMTSAMZN.COM/BIJNHOIL2FZG4 BOOK STORES 320141610205229044","164.75","debit","Shopping","Gold Card","",""
"6/09/2014","H & S","FANCY HANDS, INC.   347-836-956685247714160347-836-9566 320141600180045761","45.00","debit","Gas & Fuel","Gold Card","",""
"6/09/2014","Brazilians","ESPADA BRAZILIAN STEROCHESTER85409244159 585-473-0050 320141600192182491","57.60","debit","Printing","Gold Card","",""
"6/09/2014","Brazilians","ESPADA BRAZILIAN STEROCHESTER85409244159 585-473-0050 320141600191387430","60.80","debit","Printing","Gold Card","",""
"6/09/2014","Amazon","AMAZON MKTPLACE PMTSAMZN.COM/BIQ0ACWVVNRQ8 BOOK STORES 320141600183686577","35.24","debit","Shopping","Gold Card","",""
"6/09/2014","Amazon","AMAZON MKTPLACE PMTSAMZN.COM/BIMZSWB0SO7EM BOOK STORES 320141600181407808","46.23","debit","Shopping","Gold Card","",""
"6/08/2014","Southwest Airlines","SW AIR              DALLAS7900123660  (214) 792 - 4223 320141590168118365","524.00","debit","Air Travel","Gold Card","",""
"6/06/2014","Wegman's","WEGMANS #066 00000005854644600249153265885854644600 320141570138995987","31.13","debit","Groceries","Gold Card","",""
"6/05/2014","Sunoco","SUNOCO 0364164403   WEBSTER15657119786 AUTO FUEL DISPENSER 320141560133772708","56.86","debit","Gas & Fuel","Gold Card","",""
"6/03/2014","Golden Rule Ins","Withdrawal-ACH-A-GOLDEN RULE INS GOLDEN RULE INS (INS. PREM.)","59.48","debit","Health Insurance","Premium Checking","",""
"6/03/2014","Coinbasebtc Com Webcoinbase","Withdrawal-ACH-A-COINBASEBTC.COM WEBCOINBASE.COM/BTC (8003435845)","6473.04","debit","Uncategorized","Premium Checking","",""
"6/03/2014","M Preserve M","Withdrawal-ACH-A-M - PRESERVE M - PRESERVE (CASH TRANS)","1320.00","debit","Mortgage & Rent","Premium Checking","",""
"6/03/2014","Amazon","AMAZON MKTPLACE PMTSAMZN.COM/BIV3CK1QT9VS2 BOOK STORES 320141540095045346","121.32","debit","Shopping","Gold Card","",""
"6/03/2014","Amazon","AMAZON MKTPLACE PMTSAMZN.COM/BIV3CUNFULFJ1 BOOK STORES 320141540096424302","145.10","debit","Shopping","Gold Card","",""
"6/03/2014","Rackspace Cloud Cloud","RACKSPACE CLOUD     210-312-4003086766     CLOUD HOSTIN 320141540094769518","56.12","debit","Web Hosting","Gold Card","",""
"6/02/2014","Bayview Cleaners","Withdrawal @ BAYVIEW CLEANERS AND LAWEBSTER NYUS Trace #415222100638","11.00","debit","Laundry","Premium Checking","",""
"6/02/2014","Withdrawal Transfer Sts","Withdrawal Transfer 'STS' 3000.00 to acct: *****9688-3","3000.00","debit","Transfer","Premium Checking","",""
"6/01/2014","Wegman's","WEGMANS #03 000000005854644600249203312065854644600 320141520060153684","24.20","debit","Groceries","Gold Card","",""
"5/31/2014","Wegman's","WEGMANS #03 000000005854644600249810000815854644600 320141510045879734","18.35","debit","Groceries","Gold Card","",""
"5/31/2014","Wegman's","WEGMANS #03 000000005854644600249143407865854644600 320141510045997410","81.24","debit","Groceries","Gold Card","",""
"5/30/2014","Transfer to Gold Card","Withdrawal-ACH-A-AMEX EPAYMENT AMEX EPayment (ACH PMT)","4425.97","debit","Credit Card Payment","Premium Checking","",""
"5/29/2014","Transfer from Business Reg Check","AUTOPAY PAYMENT - THANK YOU 320141490025653863","4425.97","credit","Credit Card Payment","Gold Card","",""
"5/29/2014","Wegman's","WEGMANS #03 000000005854644600249113286285854644600 320141490015463763","119.04","debit","Groceries","Gold Card","",""
"5/29/2014","Evernote","EVERNOTE.COM 0990   REDWOOD CIT5680127379  650-257-0885 320141490013199314","5.00","debit","Electronics & Software","Gold Card","",""
"5/28/2014","Coinbasebtc Com Webcoinbase","Withdrawal-ACH-A-COINBASEBTC.COM WEBCOINBASE.COM/BTC (8003435845)","2877.03","debit","Uncategorized","Premium Checking","",""
"5/27/2014","Betterment Webbetterment","Withdrawal-ACH-A-BETTERMENT WEBBETTERMENT (TRANSFER)","5000.00","debit","IRA Contribution","Premium Checking","",""
"5/27/2014","Betterment Webbetterment","Withdrawal-ACH-A-BETTERMENT WEBBETTERMENT (TRANSFER)","10000.00","debit","IRA Contribution","Premium Checking","",""
"5/26/2014","Time Warner","TIME WARNER CABLE   910-763-46364907443UVA CABLE 320141460971514214","76.46","debit","Television","Gold Card","",""
"5/26/2014","Target","TARGET T2038 2038   WEBSTER00757448    DISCOUNT STORE 320141460980376545","26.99","debit","Shopping","Gold Card","",""
"5/25/2014","Bayview Cleaners","Withdrawal @ BAYVIEW CLEANERS AND LAWEBSTER NYUS Trace #414428100697","11.65","debit","Laundry","Premium Checking","",""
"5/25/2014","Trader Joe's","TRADER JOE'S #534 QPROCHESTER0385859     626-599-3700 320141450963925709","81.71","debit","Groceries","Gold Card","",""
"5/24/2014","Amazon","AMAZON MKTPLACE PMTSAMZN.COM/BIHFAM7APOOUR BOOK STORES 320141440952819261","51.21","debit","Shopping","Gold Card","",""
"5/24/2014","Audible.com","AUDIBLE             888-283-505TBSP401DBA8 AUDIO BOOKS 320141440952650232","229.50","debit","Books","Gold Card","",""
"5/24/2014","Wegman's","WEGMANS #03 000000005854644600249073210895854644600 320141440943193930","157.49","debit","Groceries","Gold Card","",""
"5/23/2014","Transfer to Business Reg Check","Withdrawal @ Personal Credit Union Trace #3023373685 Transfer &quot;STD&quot; 7,392.85 to share 3","7392.85","debit","Transfer","Base Share Savings","",""
"5/23/2014","Bayview Cleaners","Withdrawal @ BAYVIEW CLEANERS AND LAWEBSTER NYUS Trace #414220100448","22.00","debit","Laundry","Premium Checking","",""
"5/23/2014","Transfer from Base Share Savings","Deposit @ Personal Credit Union Trace #3023373685 Transfer &quot;STD&quot; 7,392.85 from share 0","7392.85","credit","Transfer","Premium Checking","",""
"5/23/2014","Amazon","AMAZON MKTPLACE PMTSAMZN.COM/BIHFAVD8VPP4T BOOK STORES 320141430933511747","64.77","debit","Shopping","Gold Card","",""
"5/23/2014","Amazon","AMAZON MKTPLACE PMTSAMZN.COM/BIXPFYQF1U5R2 MERCHANDISE 320141430923184566","27.22","debit","Shopping","Gold Card","",""
"5/23/2014","Amazon","AMAZON MKTPLACE PMTSAMZN.COM/BIG6JM59J9HGS MERCHANDISE 320141430931440628","129.00","debit","Shopping","Gold Card","",""
"5/23/2014","Gh Github Com","GH *GITHUB.COM     OSAN FRANCISJSTYNFG     415-448-6673 320141430937430981","7.00","debit","Web Hosting","Gold Card","",""
"5/22/2014","Ibuypower Aft La","IBUYPOWER AFT       LA PUENTE74282610    626-228-1200 320141420915271262","1631.10","credit","Credit Card Payment","Gold Card","",""
"5/22/2014","Amazon","AMAZON MKTPLACE PMTSAMZN.COM/BIG6JPDP23UBY MERCHANDISE 320141420914677102","423.19","debit","Shopping","Gold Card","",""
"5/21/2014","Bayview Cleaners","Withdrawal @ BAYVIEW CLEANERS AND LAWEBSTER NYUS Trace #414029100553","22.00","debit","Laundry","Premium Checking","",""
"5/21/2014","Amazon","AMAZON.COM          AMZN.COM/BIT0RBJ566YB8 MERCHANDISE 320141410900333352","75.59","debit","Shopping","Gold Card","",""
"5/21/2014","Amazon","AMAZON.COM          AMZN.COM/BIG6JBOKKQF75 MERCHANDISE 320141410892374384","215.99","debit","Shopping","Gold Card","",""
"5/21/2014","Amazon","AMAZON.COM          AMZN.COM/BIG6JKPC3LRU3 MERCHANDISE 320141410894173407","129.59","debit","Shopping","Gold Card","",""
"5/21/2014","Amazon","AMAZON.COM          AMZN.COM/BIG6J8RBWC0NZ MERCHANDISE 320141410891890054","531.33","debit","Shopping","Gold Card","",""
"5/20/2014","Betterment Webbetterment","Withdrawal-ACH-A-BETTERMENT WEBBETTERMENT (TRANSFER)","5000.00","debit","IRA Contribution","Premium Checking","",""
"5/20/2014","Sallie Mae","Withdrawal (Item #1134)-ACH-A-ED SALLIE MAE PR ARCED SALLIE MAE PR ACH TRANSACTION (PAYMENT)","684.78","debit","Student Loan","Premium Checking","",""
"5/20/2014","Amazon","AMAZON.COM          AMZN.COM/BIMEOQGM7THN8 MERCHANDISE 320141400885308828","34.54","debit","Shopping","Gold Card","",""
"5/19/2014","Betterment Webbetterment","Withdrawal-ACH-A-BETTERMENT WEBBETTERMENT (TRANSFER)","5500.00","debit","IRA Contribution","Premium Checking","",""
"5/19/2014","Internal Revenue Service","Withdrawal-ACH-A-IRS IRS (USATAXPYMT)","12999.24","debit","Federal Tax","Premium Checking","",""
"5/19/2014","Sprint PCS","SPRINT WIRELESS     800-639-61100680821821 WIRELESSSVCS 320141390869411504","242.18","debit","Mobile Phone","Gold Card","",""
"5/18/2014","Kohl's","KOHL'S #0772 0000007866887888400011855   8668878884 320141380856944503","159.08","debit","Clothing","Gold Card","",""
"5/17/2014","Wegman's","WEGMANS #066 00000005854644600249173417735854644600 320141370835492016","197.75","debit","Groceries","Gold Card","",""
"5/16/2014","Roch Gas Elec","Withdrawal-ACH-A-ROCH GAS & ELEC ROCH GAS & ELEC (RG&E PAYMT)","208.68","debit","Utilities","Premium Checking","",""
"5/16/2014","Wegman's","WEGMANS #03 000000005854644600249183078145854644600 320141360819021759","132.20","debit","Groceries","Gold Card","",""
"5/16/2014","Amazon","AMAZON MKTPLACE PMTSAMZN.COM/BICRO9331NK1O MERCHANDISE 320141360824683366","162.94","debit","Shopping","Gold Card","",""
"5/16/2014","Amazon","AMAZON MKTPLACE PMTSAMZN.COM/BICRO8MR0OTAA MERCHANDISE 320141360828247271","9.99","debit","Shopping","Gold Card","",""
"5/14/2014","Admob May Admob","Deposit-ACH-A-18679 ADMOB INC (MAY 2014) ADMOB PUBLISHER PAYOUT MARCH 2014","22.80","credit","Income","Premium Checking","",""
"5/14/2014","Vitamin","Withdrawal @ VITAMIN AND CARD OUTLETWEBSTER NYUS Trace #413329145600","8.49","debit","Health & Fitness","Premium Checking","",""
"5/13/2014","Fs Fsprg Com","FS *FSPRG.COM       877-327-891FK2TD4DWS7I 877-327-8914 320141330778699011","19.99","debit","Uncategorized","Gold Card","",""
"5/12/2014","Bayview Cleaners","Withdrawal @ BAYVIEW CLEANERS AND LAWEBSTER NYUS Trace #413120100721","11.00","debit","Laundry","Premium Checking","",""
"5/12/2014","Betterment Webbetterment","Withdrawal-ACH-A- BETTERMENT WEBBETTERMENT (TRANSFER)","0.84","debit","Transfer","Premium Checking","",""
"5/12/2014","Deposit","Deposit","20615.00","credit","Income","Premium Checking","",""
"5/12/2014","Deposit Ach Betterment","Deposit-ACH-13517 BETTERMENT (TRANSFER)","1.22","credit","Transfer","Premium Checking","",""
"5/12/2014","Withdrawal Item Ach","Withdrawal (Item #ACH FEE(S))","35.00","debit","Fees & Charges","Premium Checking","",""
"5/12/2014","Betterment Webbetterment","Withdrawal-ACH-A- BETTERMENT WEBBETTERMENT (TRANSFER)","0.38","debit","Transfer","Premium Checking","",""
"5/12/2014","Slma Ed Serv","Withdrawal-ACH-A-SLMA ED SERV PPD SLMA ED SERV PPD (STUDNTLOAN)","92.63","debit","Student Loan","Premium Checking","",""
"5/12/2014","Fancy Hands","FANCY HANDS, INC.   347-836-956685247714131347-836-9566 320141320767287548","45.00","debit","Uncategorized","Gold Card","",""
"5/11/2014","Wegman's","WEGMANS #03 000000005854644600249181400805854644600 320141310744103454","101.82","debit","Groceries","Gold Card","",""
"5/11/2014","Prem Car Rental","PREM CAR RENTAL PROTECTION 800-CRA930013700 04/29/2014 ROCHESTER 320141310753441481","24.95","debit","Auto Insurance","Gold Card","",""
"5/11/2014","Exxon","EXXONMOBIL          ROCHESTERNS66405     585-235-5907 320141310751115885","4.29","debit","Gas & Fuel","Gold Card","",""
"5/11/2014","Budget Rent","BUDGET RENT A CAR   ROCHESTERR/A# 930013700   800-621-2844 320141310748856627","247.79","debit","Rental Car & Taxi","Gold Card","",""
"5/10/2014","Amazon","AMAZON SERVICES-KIND866-216-107VBJ7D1YYIUH DIGITAL 320141300736661640","9.39","debit","Shopping","Gold Card","",""
"5/10/2014","Wegman's","WEGMANS #066 00000005854644600249063385775854644600 320141300727321993","136.45","debit","Groceries","Gold Card","",""
"5/10/2014","Sunoco","SUNOCO 0364164403   WEBSTER13064139764 AUTO FUEL DISPENSER 320141300724670777","45.68","debit","Gas & Fuel","Gold Card","",""
"5/09/2014","Vitamin","Withdrawal @ VITAMIN AND CARD OUTLETWEBSTER NYUS Trace #412822093600","21.19","debit","Health & Fitness","Premium Checking","",""
"5/09/2014","Amazon","AMAZON SERVICES-KIND866-216-107J7V84EMJXMK DIGITAL 320141290709853851","5.48","debit","Shopping","Gold Card","",""
"5/07/2014","Wegman's","WEGMANS #066 00000005854644600249173363845854644600 320141270681919650","97.94","debit","Groceries","Gold Card","",""
"5/07/2014","Amazon","AMAZON MKTPLACE PMTSAMZN.COM/BIJPIU4DKFR3E MERCHANDISE 320141270688228928","25.00","debit","Shopping","Gold Card","",""
"5/06/2014","Amazon","AMAZON MKTPLACE PMTSAMZN.COM/BION4UZERDA2S MERCHANDISE 320141260668476966","7.49","debit","Shopping","Gold Card","",""
"5/06/2014","Amazon","AMAZON MKTPLACE PMTSAMZN.COM/BIUIJM7T7VID8 MERCHANDISE 320141260675759661","6.59","debit","Shopping","Gold Card","",""
"5/06/2014","Amazon","AMAZON MKTPLACE PMTSAMZN.COM/BIK45A0YJ1UUS MERCHANDISE 320141260661987600","10.98","debit","Shopping","Gold Card","",""
"5/06/2014","Amazon","AMAZON.COM          AMZN.COM/BIJPINWB4Y3US MERCHANDISE 320141260668442823","183.55","debit","Shopping","Gold Card","",""
"5/06/2014","Amazon","AMAZON MKTPLACE PMTSAMZN.COM/BIJPI6NWPLR7P MERCHANDISE 320141260667305505","113.54","debit","Shopping","Gold Card","",""
"5/06/2014","Amazon","AMAZON.COM          AMZN.COM/BIJPIKHV3S56D MERCHANDISE 320141260675655456","5.99","debit","Shopping","Gold Card","",""
"5/06/2014","Amazon","AMAZON MKTPLACE PMTSAMZN.COM/BIUCMZQJ2M1YM MERCHANDISE 320141260665434112","15.99","debit","Shopping","Gold Card","",""
"5/05/2014","M Preserve M","Withdrawal-ACH-A-M - PRESERVE M - PRESERVE (CASH TRANS)","1320.00","debit","Mortgage & Rent","Premium Checking","",""
"5/05/2014","Deposit","Deposit","38570.00","credit","Income","Premium Checking","",""
"5/05/2014","Wegman's","WEGMANS #066 00000005854644600249163390285854644600 320141250649580254","36.02","debit","Groceries","Gold Card","",""
"5/05/2014","Target","TARGET T2038 2038   WEBSTER00778992    DISCOUNT STORE 320141250653626128","68.31","debit","Shopping","Gold Card","",""
"5/05/2014","Wegman's","WEGMANS #03 000000005854644600249150698275854644600 320141250649408520","200.16","debit","Groceries","Gold Card","",""
"5/04/2014","Deposit Personal Union","Deposit @ Personal Credit Union Trace #1123081981 Transfer &quot;DTD&quot; 600.00 from account *****4611 share 3","600.00","credit","Transfer","Premium Checking","",""
"5/03/2014","Vitamin","Withdrawal @ VITAMIN AND CARD OUTLETWEBSTER NYUS Trace #412229029400","17.59","debit","Health & Fitness","Premium Checking","",""
"5/03/2014","Vitamin","Withdrawal @ VITAMIN AND CARD OUTLETWEBSTER NYUS Trace #412221029400","70.50","debit","Health & Fitness","Premium Checking","",""
"5/02/2014","Golden Rule Ins","Withdrawal-ACH-A-GOLDEN RULE INS GOLDEN RULE INS (INS. PREM.)","53.76","debit","Health Insurance","Premium Checking","",""
"5/02/2014","Rackspace Cloud Cloud","RACKSPACE CLOUD     210-312-4002919352     CLOUD HOSTIN 320141220609066397","54.27","debit","Web Hosting","Gold Card","",""
"5/01/2014","IDrive","Withdrawal @ IDRIVE.COM 866-748-0555 CAUS Trace #556013905142","4.95","debit","Electronics & Software","Premium Checking","",""
"4/30/2014","Bayview Cleaners","Withdrawal @ BAYVIEW CLEANERS AND L WEBSTER NYUS Trace #100658793215","45.95","debit","Laundry","Premium Checking","",""
"4/30/2014","Protection","PREM CAR RENTAL PROTECTION 800-CRA930013696 03/29/2014 ROCHESTER 320141200582327460","24.95","debit","Home Services","Gold Card","",""
"4/30/2014","Amazon","AMAZON MKTPLACE PMTSAMZN.COM/BIIVS2EQHAUJL MERCHANDISE 320141200571832064","25.00","debit","Shopping","Gold Card","",""
"4/30/2014","Amazon","AMAZON MKTPLACE PMTSAMZN.COM/BISZMJ0NR5IWA MERCHANDISE 320141200581589244","53.98","debit","Shopping","Gold Card","",""
"4/30/2014","Budget Rent","BUDGET RENT A CAR   ROCHESTERR/A# 930013696   800-621-2844 320141200578121550","600.65","debit","Rental Car & Taxi","Gold Card","",""
"4/30/2014","Ibuypower Aft","IBUYPOWER AFT       LA PUENTE63530292    626-228-1200 320141200575805878","1631.10","debit","Uncategorized","Gold Card","",""
"4/30/2014","Amazon","AMAZON MKTPLACE PMTSAMZN.COM/BIHR5I5KVLHYF MERCHANDISE 320141200581626144","121.97","debit","Shopping","Gold Card","",""
"4/29/2014","Transfer to Gold Card","Withdrawal-ACH-A-AMEX EPAYMENT AMEX EPayment (ACH PMT)","3454.51","debit","Credit Card Payment","Premium Checking","",""
"4/29/2014","Personal Union Trace","Withdrawal @ Personal Credit Union Trace #606461289 Transfer &quot;DTD&quot; 600.00 to account *****4611 share 3","600.00","debit","Transfer","Premium Checking","",""
"4/29/2014","Amazon","AMAZON.COM          AMZN.COM/BIS8Z6E656ZKI MERCHANDISE 320141190558008628","18.12","debit","Shopping","Gold Card","",""
"4/29/2014","Amazon","AMAZON MKTPLACE PMTSAMZN.COM/BIYSL02P6XLTF MERCHANDISE 320141190562397976","177.85","debit","Shopping","Gold Card","",""
"4/29/2014","Evernote","EVERNOTE.COM 0990   REDWOOD CIT5739844016  650-257-0885 320141190556896771","5.00","debit","Electronics & Software","Gold Card","",""
"4/29/2014","Amazon","AMAZON MKTPLACE PMTSAMZN.COM/BIIC4TV9PL4OU MERCHANDISE 320141190558421156","216.47","debit","Shopping","Gold Card","",""
"4/28/2014","Vitamin","Withdrawal @ VITAMIN AND CARD OUTLE WEBSTER NYUS Trace #5900300085","69.48","debit","Health & Fitness","Premium Checking","",""
"4/28/2014","Amazon","AMAZON MKTPLACE PMTSAMZN.COM/BIJGQ6N2QZXXE MERCHANDISE 320141180541613852","19.08","debit","Shopping","Gold Card","",""
"4/28/2014","Transfer from Business Reg Check","AUTOPAY PAYMENT - THANK YOU 320141180552614211","3454.51","credit","Credit Card Payment","Gold Card","",""
"4/26/2014","Delta","DELTA SONIC CW 1829-WEBSTER0187800     MISC FOOD STORE 320141160522513022","2.16","debit","Air Travel","Gold Card","",""
"4/26/2014","Time Warner","TIME WARNER CABLE   910-763-46323743934VUD CABLE 320141160516315859","76.46","debit","Television","Gold Card","",""
"4/25/2014","Amazon","AMAZON MKTPLACE PMTSAMZN.COM/BIMZT225IMX15 MERCHANDISE 320141150501231160","17.98","debit","Shopping","Gold Card","",""
"4/25/2014","Amazon","AMAZON MKTPLACE PMTSAMZN.COM/BIMZTRYS84WDE MERCHANDISE 320141150496888540","56.24","debit","Shopping","Gold Card","",""
"4/23/2014","Gh Github Com","GH *GITHUB.COM     OSAN FRANCIS9NN4YR2     415-448-6673 320141130479682407","7.00","debit","Web Hosting","Gold Card","",""
"4/22/2014","Wegman's","WEGMANS #066 00000005854644600249183304725854644600 320141120454277725","14.75","debit","Groceries","Gold Card","",""
"4/22/2014","Village Vape Or","VILLAGE VAPE OR SMOK585-545-477385247714112585-545-4773 320141120450895031","152.20","debit","Uncategorized","Gold Card","",""
"4/21/2014","Sunoco","SUNOCO 0364164403   WEBSTER11151845748 AUTO FUEL DISPENSER 320141110449588948","57.86","debit","Gas & Fuel","Gold Card","",""
"4/21/2014","Amazon","AMAZON.COM          AMZN.COM/BIE7Z22E9R1CD MERCHANDISE 320141110447302773","42.91","debit","Shopping","Gold Card","",""
"4/21/2014","Amazon","AMAZON MKTPLACE PMTSAMZN.COM/BIP1CAVTTKE28 MERCHANDISE 320141110439921396","108.21","debit","Shopping","Gold Card","",""
"4/21/2014","Wegman's","WEGMANS #066 00000005854644600249123435795854644600 320141110442504792","95.00","debit","Groceries","Gold Card","",""
"4/21/2014","Amazon","AMAZON MKTPLACE PMTSAMZN.COM/BIKQPND1KGTFH MERCHANDISE 320141110442873694","31.99","debit","Shopping","Gold Card","",""
"4/21/2014","Amazon","AMAZON MKTPLACE PMTSAMZN.COM/BIE7Z0S4N7C8M MERCHANDISE 320141110448251466","47.83","debit","Shopping","Gold Card","",""
"4/21/2014","Amazon","AMAZON.COM          AMZN.COM/BIE7ZT1NJQJO4 MERCHANDISE 320141110448090596","83.31","debit","Shopping","Gold Card","",""
"4/21/2014","Amazon","AMAZON.COM          AMZN.COM/BIP1CMTV8FD5G MERCHANDISE 320141110441142943","24.93","debit","Shopping","Gold Card","",""
"4/21/2014","Amazon","AMAZON MKTPLACE PMTSAMZN.COM/BIDAUDEFYXM4K MERCHANDISE 320141110441404917","109.49","debit","Shopping","Gold Card","",""
"4/20/2014","Amazon","AMAZON.COM          AMZN.COM/BIE7Z7GFD5EXL MERCHANDISE 320141100437697567","81.85","debit","Shopping","Gold Card","",""
"4/18/2014","Roch Gas Elec","Withdrawal-ACH-A-ROCH GAS & ELEC ROCH GAS & ELEC (RG&E PAYMT)","184.55","debit","Utilities","Premium Checking","",""
"4/18/2014","Vitamin","Withdrawal @ VITAMIN AND CARD OUTLE WEBSTER NYUS Trace #897203890016","33.49","debit","Health & Fitness","Premium Checking","",""
"4/18/2014","Sprint PCS","SPRINT WIRELESS     800-639-61100671126709 WIRELESSSVCS 320141080404531564","242.08","debit","Mobile Phone","Gold Card","",""
"4/16/2014","Bayview Cleaners","Withdrawal @ BAYVIEW CLEANERS AND L WEBSTER NYUS Trace #100594980627","44.00","debit","Laundry","Premium Checking","",""
"2/27/2014","American Express","Withdrawal-ACH-A-AMEX EPAYMENT AMEX EPayment (ACH PMT)","3161.91","debit","Credit Card Payment","Premium Checking","",""
"2/26/2014","Coinbasebtc Com Webcoinbase","Withdrawal-ACH-A-COINBASEBTC.COM WEBCOINBASE.COM/BTC (8003435845)","2723.31","debit","Uncategorized","Premium Checking","",""
"2/25/2014","Check 1132","Withdrawal (Item #1132)","300.00","debit","Check","Premium Checking","",""
"2/25/2014","Coinbasebtc Com Webcoinbase","Withdrawal-ACH-A-COINBASEBTC.COM WEBCOINBASE.COM/BTC (8003435845)","1266.29","debit","Uncategorized","Premium Checking","",""
"2/25/2014","Coinbasebtc Com Webcoinbase","Withdrawal-ACH-A-COINBASEBTC.COM WEBCOINBASE.COM/BTC (8003435845)","1902.60","debit","Uncategorized","Premium Checking","",""
"2/19/2014","Roch Gas Elec","Withdrawal-ACH-A-ROCH GAS & ELEC ROCH GAS & ELEC (RG&E PAYMT)","207.63","debit","Utilities","Premium Checking","",""
"2/15/2014","Bayview Cleaners","Withdrawal @ BAYVIEW CLEANERS AND L WEBSTER NYUS Trace #100696199137","35.75","debit","Laundry","Premium Checking","",""
"2/14/2014","Admob Feb Admob","Deposit-ACH-A-18679 ADMOB INC (FEB 2014) ADMOB PUBLISHER PAYOUT DECEMBER 2013","26.07","credit","Income","Premium Checking","",""
"2/12/2014","Slma Ed Serv","Withdrawal-ACH-A-SLMA ED SERV PPD SLMA ED SERV PPD (STUDNTLOAN)","92.63","debit","Student Loan","Premium Checking","",""
"2/10/2014","PayPal","Withdrawal-ACH-A-PAYPAL WEBPAYPAL (INST XFER)","113.50","debit","Shopping","Premium Checking","",""
"2/10/2014","Coinbasebtc Com Webcoinbase","Withdrawal-ACH-A-COINBASEBTC.COM WEBCOINBASE.COM/BTC (8003435845)","3563.43","debit","Uncategorized","Premium Checking","",""
"2/10/2014","Coinbasebtc Com Webcoinbase","Withdrawal-ACH-A-COINBASEBTC.COM WEBCOINBASE.COM/BTC (8003435845)","7292.75","debit","Uncategorized","Premium Checking","",""
"2/09/2014","Bayview Cleaners","Withdrawal @ BAYVIEW CLEANERS AND L WEBSTER NYUS Trace #100492828323","13.75","debit","Laundry","Premium Checking","",""
"2/07/2014","Transfer to Business Reg Check","Withdrawal @ Personal Credit Union Trace #2506183683 Transfer &quot;STD&quot; 25,000.00 to share 3","25000.00","debit","Transfer","Base Share Savings","",""
"2/07/2014","Transfer from Base Share Savings","Deposit @ Personal Credit Union Trace #2506183683 Transfer &quot;STD&quot; 25,000.00 from share 0","25000.00","credit","Transfer","Premium Checking","",""
"2/06/2014","Golden Rule Ins","Withdrawal-ACH-A-GOLDEN RULE INS GOLDEN RULE INS (INS. PREM.)","53.76","debit","Financial","Premium Checking","",""
"2/03/2014","Chicken Smoothie Websearchtech","Withdrawal-ACH-A-CHICKEN SMOOTHIE WEBSEARCHTECH LIMITED IAT-WEB (IAT PAYPAL)","15.00","debit","Restaurants","Premium Checking","",""
"2/03/2014","M Preserve M","Withdrawal-ACH-A-M - PRESERVE M - PRESERVE (CASH TRANS)","1320.00","debit","Mortgage & Rent","Premium Checking","",""
"2/01/2014","IDrive","Withdrawal @ IDRIVE.COM 866-748-0555 CAUS Trace #556011105073","4.95","debit","Electronics & Software","Premium Checking","",""
"1/30/2014","American Express","Withdrawal-ACH-A-AMEX EPAYMENT AMEX EPayment (ACH PMT)","6565.80","debit","Credit Card Payment","Premium Checking","",""
"1/27/2014","Deposit","Deposit","5795.00","credit","Income","Premium Checking","",""
"1/25/2014","Bayview Cleaners","Withdrawal @ BAYVIEW CLEANERS AND L WEBSTER NYUS Trace #100663714434","33.00","debit","Laundry","Premium Checking","",""
"1/23/2014","Deposit","Deposit","9690.00","credit","Income","Premium Checking","",""
"1/18/2014","Waterwatch","Withdrawal @ WATERWATCH ROCHESTER NYUS Trace #124005455013","112.50","debit","Utilities","Premium Checking","",""
"1/17/2014","Bayview Cleaners","Withdrawal @ BAYVIEW CLEANERS AND L WEBSTER NYUS Trace #100660412776","8.25","debit","Laundry","Premium Checking","",""
"1/16/2014","Roch Gas Elec","Withdrawal-ACH-A-ROCH GAS & ELEC ROCH GAS & ELEC (RG&E PAYMT)","180.64","debit","Utilities","Premium Checking","",""
"1/16/2014","Check 1131","Withdrawal (Item #1131)","350.00","debit","Check","Premium Checking","",""
"1/15/2014","Check 1130","Withdrawal (Item #1130)","2641.32","debit","Check","Premium Checking","",""
"1/13/2014","Slma Ed Serv","Withdrawal-ACH-A-SLMA ED SERV PPD SLMA ED SERV PPD (STUDNTLOAN)","92.63","debit","Student Loan","Premium Checking","",""
"1/13/2014","Deposit","Deposit","31065.00","credit","Income","Base Share Savings","",""
"1/07/2014","Check 1129","Withdrawal (Item #1129)","3361.35","debit","Check","Premium Checking","",""
"1/07/2014","Coinbasebtc Com Webcoinbase","Withdrawal-ACH-A-COINBASEBTC.COM WEBCOINBASE.COM/BTC (8003435845)","8758.06","debit","Uncategorized","Premium Checking","",""
"1/06/2014","Golden Rule Ins","Withdrawal-ACH-A-GOLDEN RULE INS GOLDEN RULE INS (INS. PREM.)","53.76","debit","Health Insurance","Premium Checking","",""
"1/03/2014","Check 1127","Withdrawal (Item #1127)","1059.19","debit","Check","Premium Checking","",""
"1/03/2014","M Preserve M","Withdrawal-ACH-A-M - PRESERVE M - PRESERVE (CASH TRANS)","1320.00","debit","Mortgage & Rent","Premium Checking","",""
"1/02/2014","Internal Revenue Service","Withdrawal-ACH-A-IRS IRS (USATAXPYMT)","12999.24","debit","Federal Tax","Premium Checking","",""
"1/02/2014","Check 1128","Withdrawal (Item #1128)","1433.61","debit","Check","Premium Checking","",""
"1/02/2014","Sebastien Letailleur Websearchtech","Withdrawal-ACH-A-SEBASTIEN LETAILLEUR WEBSEARCHTECH LIMITED IAT-WEB (IAT PAYPAL)","15.00","debit","Uncategorized","Premium Checking","",""
"1/01/2014","IDrive","Withdrawal @ IDRIVE.COM 866-748-0555 CAUS Trace #556016605587","4.95","debit","Electronics & Software","Premium Checking","",""
